day,hour_utc,actual_mw,in_80,in_90,pit,bias
2024-01-03,0,2006.504121,1.0,1.0,0.49,-5.4234274764953625
2024-01-03,1,2049.0513250000004,1.0,1.0,0.51,3.433115901758356
2024-01-03,2,2077.9425889999998,1.0,1.0,0.38,-64.74679514855097
2024-01-03,3,2184.3730740000005,1.0,1.0,0.539,19.814275961574822
2024-01-03,4,2063.332218,1.0,1.0,0.398,-59.62628091786473
2024-01-03,5,2178.080154,1.0,1.0,0.772,141.42609876872234
2024-01-03,6,1842.8847429999998,1.0,1.0,0.418,-59.37409536066957
2024-01-03,7,1434.3863749999998,1.0,1.0,0.12,-268.0795828248522
2024-01-03,8,1291.2778849999997,1.0,1.0,0.193,-214.2441120542046
2024-01-03,9,1062.4484989999999,0.0,1.0,0.063,-329.9396583778523
2024-01-03,10,1075.1140890000001,1.0,1.0,0.125,-255.7016231823202
2024-01-03,11,994.9430019999999,0.0,1.0,0.064,-356.9617227965042
2024-01-03,12,1019.5548079999999,0.0,1.0,0.074,-353.0457609268087
2024-01-03,13,817.6294599999999,0.0,0.0,0.015,-497.9887032278882
2024-01-03,14,841.6726610000003,0.0,1.0,0.062,-359.9501151657289
2024-01-03,15,803.147449,0.0,1.0,0.098,-273.28145108301055
2024-01-03,16,611.1633099999999,0.0,0.0,0.017,-407.84657567970453
2024-01-03,17,636.688927,0.0,0.0,0.031,-365.0422477735625
2024-01-03,18,686.4448269999998,0.0,1.0,0.062,-319.90727849072687
2024-01-03,19,575.49797,0.0,0.0,0.025,-379.7958340324775
2024-01-03,20,587.3604799999998,0.0,1.0,0.051,-321.59625735195345
2024-01-03,21,546.260895,0.0,0.0,0.046,-287.7084803067852
2024-01-03,22,465.989239,0.0,0.0,0.017,-378.45504807985446
2024-01-03,23,563.338308,0.0,1.0,0.063,-269.0638815992078
2024-01-10,0,2678.6762200000003,0.0,0.0,0.983,320.3015305895442
2024-01-10,1,2548.8542810000004,1.0,1.0,0.789,131.96373513577373
2024-01-10,2,2537.0484850000007,1.0,1.0,0.719,104.47249842822976
2024-01-10,3,2645.197013,0.0,1.0,0.944,239.26720787467457
2024-01-10,4,2497.435679,1.0,1.0,0.819,124.16342270161931
2024-01-10,5,2501.9998220000007,0.0,0.0,0.955,229.64364952091182
2024-01-10,6,2428.4244590000003,0.0,0.0,0.972,281.2094052374664
2024-01-10,7,2259.1802510000007,0.0,0.0,0.95,228.83677405996968
2024-01-10,8,2348.945765,0.0,0.0,0.978,330.0721226918697
2024-01-10,9,2333.4658410000006,0.0,1.0,0.934,339.3371415846191
2024-01-10,10,2450.381061,0.0,0.0,0.98,465.75906837567345
2024-01-10,11,2350.1080500000007,0.0,1.0,0.922,280.04820528784694
2024-01-10,12,2384.0226220000004,1.0,1.0,0.883,256.13891106239225
2024-01-10,13,2501.3463540000007,0.0,1.0,0.933,311.84497904138743
2024-01-10,14,2487.091961,0.0,1.0,0.908,296.3306161809505
2024-01-10,15,2755.663751,0.0,0.0,1.0,528.8751331027979
2024-01-10,16,2804.8361470000004,0.0,0.0,1.0,520.6618545399847
2024-01-10,17,2839.411018,0.0,0.0,1.0,483.1684477686349
2024-01-10,18,2812.239657,0.0,0.0,0.998,389.0921927550553
2024-01-10,19,2843.298784,0.0,0.0,1.0,378.85040116154187
2024-01-10,20,2880.496161,0.0,0.0,1.0,428.39352854937715
2024-01-10,21,2850.488671,0.0,0.0,1.0,399.6594070118758
2024-01-10,22,2780.865414,0.0,0.0,0.997,302.19547949827574
2024-01-10,23,2878.742812,0.0,0.0,1.0,380.6389019406656
2024-01-17,0,1145.9976239999999,1.0,1.0,0.25,-132.43985088733416
2024-01-17,1,1120.2339209999998,1.0,1.0,0.139,-210.72197098514403
2024-01-17,2,1484.1139400000002,1.0,1.0,0.669,89.89637553605007
2024-01-17,3,1580.4298179999998,1.0,1.0,0.757,150.85803275385229
2024-01-17,4,1605.063264,1.0,1.0,0.672,106.5712403957923
2024-01-17,5,1551.7921749999998,1.0,1.0,0.51,11.045912685023495
2024-01-17,6,1541.2952760000003,1.0,1.0,0.345,-94.60030357619371
2024-01-17,7,1693.6192520000006,1.0,1.0,0.529,16.85105272124315
2024-01-17,8,1806.2189280000002,1.0,1.0,0.725,110.96812190155242
2024-01-17,9,1829.803928,1.0,1.0,0.779,154.38998080882516
2024-01-17,10,2112.916403,0.0,0.0,0.961,385.6221768564328
2024-01-17,11,2054.446854,1.0,1.0,0.829,209.5550606192578
2024-01-17,12,2455.271107,0.0,0.0,0.981,454.8260453651137
2024-01-17,13,2475.9218530000003,0.0,0.0,0.963,349.881653601803
2024-01-17,14,2512.521862,0.0,1.0,0.904,227.89164741325976
2024-01-17,15,2641.8094380000002,0.0,0.0,0.96,251.21313292819286
2024-01-17,16,2633.5349290000004,1.0,1.0,0.833,124.53704479438602
2024-01-17,17,2665.617515,1.0,1.0,0.886,159.43853720826473
2024-01-17,18,2711.5047720000007,0.0,0.0,0.969,237.59907278002356
2024-01-17,19,2617.2138019999998,1.0,1.0,0.836,163.90643437059407
2024-01-17,20,2687.4709700000003,0.0,0.0,0.972,268.5429701910721
2024-01-17,21,2617.9133890000003,0.0,0.0,0.985,369.29445247002013
2024-01-17,22,2562.936602,0.0,0.0,0.991,416.1103855652714
2024-01-17,23,2564.630213000001,0.0,0.0,0.996,500.6297324230113
2024-01-24,0,516.289573,1.0,1.0,0.398,-36.349702395384725
2024-01-24,1,583.70461,1.0,1.0,0.491,-3.990295736431335
2024-01-24,2,788.2826370000001,1.0,1.0,0.762,122.2017260438962
2024-01-24,3,955.7592,1.0,1.0,0.836,196.66079628542002
2024-01-24,4,1038.358177,1.0,1.0,0.794,180.8619679952692
2024-01-24,5,1300.5541469999998,0.0,1.0,0.933,348.0470203416419
2024-01-24,6,1313.20811,1.0,1.0,0.859,282.7955915505165
2024-01-24,7,1440.2072719999996,0.0,1.0,0.94,394.85373696466513
2024-01-24,8,1206.9647679999998,1.0,1.0,0.867,253.83164682210963
2024-01-24,9,956.9036360000001,1.0,1.0,0.761,147.31703107972237
2024-01-24,10,872.1467749999999,1.0,1.0,0.747,139.48899970288755
2024-01-24,11,806.8748999999999,1.0,1.0,0.63,69.29336029470142
2024-01-24,12,819.6807059999998,1.0,1.0,0.573,34.010841344187725
2024-01-24,13,833.9025030000003,1.0,1.0,0.56,28.72238714012417
2024-01-24,14,809.5702910000001,1.0,1.0,0.5,-0.07266431492610081
2024-01-24,15,843.9284189999998,1.0,1.0,0.601,51.94714041359077
2024-01-24,16,796.8064069999998,1.0,1.0,0.567,34.479895354383416
2024-01-24,17,879.2388609999998,1.0,1.0,0.78,165.43597837320453
2024-01-24,18,995.2883660000001,0.0,1.0,0.921,320.67393917664845
2024-01-24,19,1069.5244409999998,0.0,1.0,0.928,366.76110846317636
2024-01-24,20,986.223325,1.0,1.0,0.749,156.78803132435075
2024-01-24,21,1142.537476,1.0,1.0,0.715,126.61493309144043
2024-01-24,22,1380.3033859999998,1.0,1.0,0.888,289.33827167362347
2024-01-24,23,1522.527462,0.0,1.0,0.939,388.16418052156996
2024-01-31,0,795.742992,1.0,1.0,0.793,160.80357896383475
2024-01-31,1,889.3915519999999,1.0,1.0,0.885,255.38146355538186
2024-01-31,2,794.181295,1.0,1.0,0.751,136.38470107388514
2024-01-31,3,840.174858,1.0,1.0,0.759,133.8986198308546
2024-01-31,4,996.8321420000001,0.0,1.0,0.914,292.7722042851518
2024-01-31,5,749.198342,1.0,1.0,0.596,52.25292136363089
2024-01-31,6,756.359449,1.0,1.0,0.738,121.47762632831041
2024-01-31,7,624.8463880000002,1.0,1.0,0.61,47.345853532035335
2024-01-31,8,571.594873,1.0,1.0,0.726,92.52706448819652
2024-01-31,9,475.29096400000003,1.0,1.0,0.698,77.04712206340446
2024-01-31,10,431.7299569999999,1.0,1.0,0.72,82.02849528373707
2024-01-31,11,374.83657500000004,1.0,1.0,0.48,-5.766386842684824
2024-01-31,12,378.3942339999999,1.0,1.0,0.514,5.9291165216238255
2024-01-31,13,398.07613100000003,1.0,1.0,0.656,54.66589681340679
2024-01-31,14,341.04062799999997,1.0,1.0,0.653,54.47645122705751
2024-01-31,15,290.19916100000006,1.0,1.0,0.488,-3.7277078449257033
2024-01-31,16,146.3692,0.0,0.0,0.036,-178.5356653931061
2024-01-31,17,132.029213,0.0,0.0,0.009,-218.07928069294817
2024-01-31,18,184.94464499999998,0.0,0.0,0.033,-187.80634395264906
2024-01-31,19,239.278967,0.0,1.0,0.083,-156.37974808045723
2024-01-31,20,328.3545689999999,1.0,1.0,0.171,-125.87661047968191
2024-01-31,21,457.37709800000005,1.0,1.0,0.335,-63.16743180196306
2024-01-31,22,464.11765199999996,1.0,1.0,0.182,-149.35181725830654
2024-01-31,23,597.8112490000002,1.0,1.0,0.413,-40.301415453574805
2024-02-07,0,205.36113,1.0,1.0,0.157,-71.68284529820846
2024-02-07,1,168.421189,0.0,1.0,0.052,-110.54333206481235
2024-02-07,2,158.587558,0.0,0.0,0.025,-117.43446042909551
2024-02-07,3,233.48648099999997,1.0,1.0,0.331,-37.74079261195999
2024-02-07,4,292.892822,1.0,1.0,0.567,18.518276681125144
2024-02-07,5,254.405887,1.0,1.0,0.444,-14.728769531977719
2024-02-07,6,299.06963,1.0,1.0,0.539,14.392870507563146
2024-02-07,7,279.94798,1.0,1.0,0.412,-21.835620805959536
2024-02-07,8,268.569392,1.0,1.0,0.242,-65.61384926442724
2024-02-07,9,265.680988,1.0,1.0,0.159,-100.40441768722633
2024-02-07,10,183.10112599999997,0.0,0.0,0.03,-152.0379853905128
2024-02-07,11,88.40016,0.0,0.0,0.002,-221.9119925295465
2024-02-07,12,156.597431,0.0,1.0,0.065,-114.49605314318765
2024-02-07,13,204.58449099999999,1.0,1.0,0.171,-75.52236722157247
2024-02-07,14,149.449801,0.0,1.0,0.092,-92.78192907541242
2024-02-07,15,126.300623,1.0,1.0,0.11,-82.7109265255855
2024-02-07,16,96.084217,1.0,1.0,0.148,-83.55125376413653
2024-02-07,17,101.718523,1.0,1.0,0.276,-55.2697090515
2024-02-07,18,101.979476,1.0,1.0,0.296,-54.34468081664684
2024-02-07,19,82.251315,1.0,1.0,0.245,-62.321794895072685
2024-02-07,20,88.910951,1.0,1.0,0.253,-60.29282473542561
2024-02-07,21,98.460419,1.0,1.0,0.315,-53.225278574540994
2024-02-07,22,74.91233100000001,1.0,1.0,0.15,-77.71667732679457
2024-02-07,23,81.73967,1.0,1.0,0.183,-72.49263471916656
2024-02-14,0,1612.427799,1.0,1.0,0.421,-21.528004901379063
2024-02-14,1,1715.8944269999997,1.0,1.0,0.515,7.114701723960479
2024-02-14,2,1835.118522,1.0,1.0,0.627,61.10927593606016
2024-02-14,3,2213.1567510000004,0.0,1.0,0.92,270.77035180128587
2024-02-14,4,2288.8193280000005,0.0,1.0,0.944,248.39870545484223
2024-02-14,5,2566.153844,0.0,0.0,0.996,513.7881319842422
2024-02-14,6,2478.944839,0.0,0.0,0.983,416.1869944934815
2024-02-14,7,2359.8335820000007,0.0,0.0,0.969,363.8880232274355
2024-02-14,8,2051.7187059999997,1.0,1.0,0.802,200.58064940992654
2024-02-14,9,1892.615538,1.0,1.0,0.764,180.09344698952873
2024-02-14,10,1910.2608960000002,1.0,1.0,0.798,203.56926737387994
2024-02-14,11,1947.114493,1.0,1.0,0.782,192.93112171732355
2024-02-14,12,1897.1628990000002,1.0,1.0,0.659,96.58458149131138
2024-02-14,13,1773.2865059999997,1.0,1.0,0.494,-4.251298107999219
2024-02-14,14,1744.3295409999998,1.0,1.0,0.496,-3.307732117407568
2024-02-14,15,1754.1093819999996,1.0,1.0,0.537,19.046128145212606
2024-02-14,16,1649.935301,1.0,1.0,0.31,-127.2824020162102
2024-02-14,17,1864.8339540000004,1.0,1.0,0.519,11.762608513306304
2024-02-14,18,2102.6359660000007,1.0,1.0,0.753,155.6721127017031
2024-02-14,19,2283.8490979999997,1.0,1.0,0.887,261.16261292806576
2024-02-14,20,2288.959017,1.0,1.0,0.893,253.49958698961245
2024-02-14,21,2291.9903939999995,0.0,1.0,0.938,310.16027367491415
2024-02-14,22,2150.217502,0.0,1.0,0.932,312.49772125928894
2024-02-14,23,2091.6953860000003,0.0,1.0,0.946,350.0489112504897
2024-02-21,0,163.720843,0.0,0.0,0.005,-288.8404596735192
2024-02-21,1,293.79306999999994,0.0,0.0,0.028,-277.0041239288371
2024-02-21,2,484.4223899999999,0.0,0.0,0.024,-407.15490842286005
2024-02-21,3,782.341936,0.0,0.0,0.037,-411.97012755939
2024-02-21,4,1344.5695470000003,1.0,1.0,0.323,-95.43992647884238
2024-02-21,5,1538.9268719999998,1.0,1.0,0.449,-23.611085779449013
2024-02-21,6,1568.8928130000002,1.0,1.0,0.425,-40.933101589465196
2024-02-21,7,1806.7018589999996,1.0,1.0,0.755,139.52938392406782
2024-02-21,8,1844.9683080000002,1.0,1.0,0.74,138.6256012057372
2024-02-21,9,1749.8697220000004,1.0,1.0,0.5,-0.14188050999882762
2024-02-21,10,1877.749825,1.0,1.0,0.633,79.65704475334383
2024-02-21,11,1817.3471459999996,1.0,1.0,0.385,-65.19319977296527
2024-02-21,12,1862.3968900000002,1.0,1.0,0.277,-146.28036363793694
2024-02-21,13,1838.1582760000001,1.0,1.0,0.181,-214.07228717151975
2024-02-21,14,1671.363254,0.0,1.0,0.097,-308.1077245808726
2024-02-21,15,2023.5298230000003,1.0,1.0,0.751,145.52278651956408
2024-02-21,16,1666.2874430000002,1.0,1.0,0.318,-129.2587004119291
2024-02-21,17,1605.0222289999997,1.0,1.0,0.261,-160.98467387257006
2024-02-21,18,1604.389225,1.0,1.0,0.346,-87.8885590203422
2024-02-21,19,1269.218868,0.0,1.0,0.1,-308.3126269763602
2024-02-21,20,1307.992847,1.0,1.0,0.283,-146.47359722920714
2024-02-21,21,1265.407806,1.0,1.0,0.285,-146.01436613241412
2024-02-21,22,1588.9093710000002,1.0,1.0,0.572,41.0907056633946
2024-02-21,23,2127.1453989999995,0.0,0.0,0.983,490.6741991377073
2024-02-28,0,2647.0413839999997,0.0,0.0,0.961,251.5377126537701
2024-02-28,1,2611.3155530000004,0.0,1.0,0.912,202.49644780141443
2024-02-28,2,2708.9167260000004,0.0,0.0,0.979,275.6505428384594
2024-02-28,3,2632.3654900000006,1.0,1.0,0.872,144.01253454048083
2024-02-28,4,2609.938288,1.0,1.0,0.825,129.74274611717783
2024-02-28,5,2428.367021,1.0,1.0,0.468,-19.697968315171238
2024-02-28,6,2336.760023,1.0,1.0,0.209,-162.7323849857903
2024-02-28,7,2188.687488,0.0,1.0,0.075,-352.47792371161313
2024-02-28,8,2356.8192680000006,1.0,1.0,0.135,-232.36765130149615
2024-02-28,9,2599.056896,1.0,1.0,0.83,128.1943484447993
2024-02-28,10,2683.987244,0.0,0.0,0.988,272.8774395089122
2024-02-28,11,2720.150933,0.0,0.0,0.996,313.7969868038854
2024-02-28,12,2772.376419,0.0,0.0,0.98,228.58664972428141
2024-02-28,13,2826.421357,0.0,0.0,0.998,268.8521944087506
2024-02-28,14,2716.679294,1.0,1.0,0.875,131.52138305798462
2024-02-28,15,2790.5767420000006,0.0,0.0,0.997,279.80843579442035
2024-02-28,16,2736.12196,0.0,0.0,0.971,264.02885660178663
2024-02-28,17,2817.867392,0.0,0.0,0.998,355.38379119988804
2024-02-28,18,2835.0300260000004,0.0,0.0,1.0,345.75496352408845
2024-02-28,19,2810.325899,0.0,0.0,0.989,236.61192037893807
2024-02-28,20,2838.905219,0.0,0.0,0.998,219.83902416972978
2024-02-28,21,2816.0752750000006,0.0,0.0,0.988,182.93678572173621
2024-02-28,22,2824.2637189999996,0.0,0.0,0.981,168.0239104280181
2024-02-28,23,2883.0971460000005,0.0,0.0,1.0,246.32146212576617
2024-03-06,0,958.218985,1.0,1.0,0.597,44.6693500655731
2024-03-06,1,1068.5181579999999,1.0,1.0,0.709,118.69408634474769
2024-03-06,2,886.401437,1.0,1.0,0.291,-116.46874973880904
2024-03-06,3,757.503031,1.0,1.0,0.146,-214.31047925370717
2024-03-06,4,576.2597499999999,0.0,0.0,0.047,-320.91663253721845
2024-03-06,5,616.0616259999999,0.0,1.0,0.091,-233.6159811133491
2024-03-06,6,736.847642,1.0,1.0,0.546,19.765888063830403
2024-03-06,7,525.628175,1.0,1.0,0.38,-49.06169577037133
2024-03-06,8,513.22337,1.0,1.0,0.688,69.53411740527201
2024-03-06,9,395.60579500000006,1.0,1.0,0.413,-29.327837777142122
2024-03-06,10,263.645758,1.0,1.0,0.185,-97.95348863924698
2024-03-06,11,111.242031,0.0,0.0,0.008,-184.01336502020087
2024-03-06,12,91.95787999999999,0.0,0.0,0.032,-126.93538309279421
2024-03-06,13,46.08976799999999,0.0,0.0,0.011,-118.64073792562618
2024-03-06,14,23.576957,0.0,0.0,0.016,-98.22086046050046
2024-03-06,15,61.308674999999994,1.0,1.0,0.286,-45.20646829337625
2024-03-06,16,59.405856,1.0,1.0,0.254,-54.8039638990613
2024-03-06,17,53.349799999999995,0.0,1.0,0.092,-71.2490936603271
2024-03-06,18,114.48535500000003,1.0,1.0,0.17,-70.40152053602526
2024-03-06,19,156.90574699999996,0.0,1.0,0.063,-131.1116632212442
2024-03-06,20,258.02297899999996,0.0,1.0,0.087,-162.80576018650834
2024-03-06,21,604.3265359999999,1.0,1.0,0.563,27.789153477737386
2024-03-06,22,677.6263609999999,1.0,1.0,0.286,-106.19212710620172
2024-03-06,23,783.1717949999999,1.0,1.0,0.304,-115.32353751733035
2024-03-13,0,675.7855290000001,0.0,0.0,0.043,-300.28597660094886
2024-03-13,1,591.442931,0.0,0.0,0.017,-348.2323286235619
2024-03-13,2,642.9979959999998,0.0,0.0,0.04,-268.53705356818705
2024-03-13,3,772.808898,1.0,1.0,0.202,-119.81745774298508
2024-03-13,4,808.1144419999999,1.0,1.0,0.174,-140.8279070007684
2024-03-13,5,889.626951,1.0,1.0,0.18,-142.3283421585877
2024-03-13,6,805.8686089999999,0.0,0.0,0.04,-289.185467360611
2024-03-13,7,984.8671740000001,1.0,1.0,0.208,-142.3607907281447
2024-03-13,8,1091.2325730000002,1.0,1.0,0.362,-74.07841431961378
2024-03-13,9,1134.3246899999997,1.0,1.0,0.266,-129.60578872944757
2024-03-13,10,1246.837817,1.0,1.0,0.375,-77.74792909597863
2024-03-13,11,1546.256597,1.0,1.0,0.782,171.37789814073767
2024-03-13,12,1558.672524,1.0,1.0,0.832,205.81553945602127
2024-03-13,13,1320.823867,1.0,1.0,0.618,72.61794763064654
2024-03-13,14,827.881388,0.0,1.0,0.081,-307.2030441083359
2024-03-13,15,552.4147389999998,0.0,0.0,0.008,-500.7153866219105
2024-03-13,16,726.923031,0.0,1.0,0.055,-348.0937269101805
2024-03-13,17,745.8666,0.0,1.0,0.065,-358.1715622175526
2024-03-13,18,1081.713356,1.0,1.0,0.443,-33.85061968944865
2024-03-13,19,1042.9753329999999,1.0,1.0,0.48,-10.195110129134491
2024-03-13,20,919.8736939999999,1.0,1.0,0.317,-94.04852469227285
2024-03-13,21,1056.1807100000003,1.0,1.0,0.653,85.500101815069
2024-03-13,22,1065.510952,1.0,1.0,0.732,138.54615585041927
2024-03-13,23,987.5290190000001,1.0,1.0,0.668,103.38488347557177
2024-03-20,0,1137.5964519999995,0.0,1.0,0.051,-369.8497661693284
2024-03-20,1,1112.3390549999997,0.0,1.0,0.088,-329.96926551244655
2024-03-20,2,1319.3914230000003,1.0,1.0,0.387,-74.10965850042771
2024-03-20,3,1447.7986119999998,1.0,1.0,0.688,121.24595534687501
2024-03-20,4,1225.647717,1.0,1.0,0.31,-119.95800101541431
2024-03-20,5,1446.0107759999999,1.0,1.0,0.568,44.01139918280455
2024-03-20,6,1283.444465,1.0,1.0,0.167,-209.52458040398233
2024-03-20,7,1323.334121,1.0,1.0,0.179,-213.56120962802152
2024-03-20,8,1109.2951490000003,0.0,0.0,0.042,-359.86460270911266
2024-03-20,9,1060.199337,0.0,1.0,0.082,-291.32087688210095
2024-03-20,10,836.2744380000001,0.0,0.0,0.039,-430.82811554170416
2024-03-20,11,1209.0981530000001,1.0,1.0,0.429,-38.795833467029524
2024-03-20,12,994.8059689999998,0.0,1.0,0.087,-284.9044945404437
2024-03-20,13,980.7662899999999,0.0,1.0,0.099,-296.5030063978512
2024-03-20,14,1016.9621680000001,0.0,1.0,0.084,-357.3252401270714
2024-03-20,15,1323.3221469999999,1.0,1.0,0.155,-266.9728357260574
2024-03-20,16,1039.108973,0.0,0.0,0.005,-744.6757328365118
2024-03-20,17,1311.511565,0.0,0.0,0.01,-664.2872830751628
2024-03-20,18,1692.9271540000002,0.0,0.0,0.032,-535.9309645957253
2024-03-20,19,2202.2373099999995,1.0,1.0,0.173,-216.15635477634214
2024-03-20,20,2474.206638000001,1.0,1.0,0.588,42.46654854981034
2024-03-20,21,2304.356063,1.0,1.0,0.375,-65.90798921768055
2024-03-20,22,2415.2429970000007,1.0,1.0,0.622,62.11276342334668
2024-03-20,23,2399.2878080000005,1.0,1.0,0.572,40.159690187243086
2024-03-27,0,2677.6699280000003,1.0,1.0,0.684,75.52111693059669
2024-03-27,1,2732.002308,1.0,1.0,0.763,100.99043036017702
2024-03-27,2,2683.555368,1.0,1.0,0.543,16.026406879585466
2024-03-27,3,2843.7752950000004,0.0,0.0,0.997,381.3591568368561
2024-03-27,4,2581.0785710000005,0.0,0.0,0.972,276.33682107392224
2024-03-27,5,2784.660709,0.0,0.0,1.0,640.9265293334906
2024-03-27,6,2581.1924499999996,0.0,0.0,0.99,522.4263257369121
2024-03-27,7,2589.3373150000007,0.0,0.0,1.0,604.8515563876731
2024-03-27,8,2224.323491,0.0,0.0,0.987,370.50571076728056
2024-03-27,9,1776.599398,1.0,1.0,0.723,79.31385315900093
2024-03-27,10,1723.3446929999998,1.0,1.0,0.796,132.8142512570032
2024-03-27,11,1623.756245,1.0,1.0,0.655,92.27134086712908
2024-03-27,12,1305.448693,1.0,1.0,0.359,-94.7366665985935
2024-03-27,13,1080.892762,1.0,1.0,0.46,-33.21587900972372
2024-03-27,14,1035.4732810000003,1.0,1.0,0.758,165.84042230502905
2024-03-27,15,934.51532,1.0,1.0,0.76,151.7452734730124
2024-03-27,16,687.2364529999999,1.0,1.0,0.31,-101.9705377945478
2024-03-27,17,710.2702969999999,1.0,1.0,0.263,-126.6995313365993
2024-03-27,18,774.3482560000001,1.0,1.0,0.226,-165.1589032427829
2024-03-27,19,682.1256240000001,0.0,1.0,0.06,-331.23885305044973
2024-03-27,20,838.9216509999999,1.0,1.0,0.28,-132.25142262963686
2024-03-27,21,987.487498,1.0,1.0,0.728,137.35615530645418
2024-03-27,22,845.9580869999999,1.0,1.0,0.618,63.725581387189436
2024-03-27,23,842.7912329999999,1.0,1.0,0.685,83.14201708399469
2024-04-03,0,2160.7152530000003,1.0,1.0,0.8,171.80021018206548
2024-04-03,1,2167.1671340000003,1.0,1.0,0.78,160.69945027595872
2024-04-03,2,2207.211924,1.0,1.0,0.741,127.26921555621357
2024-04-03,3,2256.1094550000003,1.0,1.0,0.76,117.44293006713679
2024-04-03,4,2271.283689000001,1.0,1.0,0.598,44.24734644933051
2024-04-03,5,2307.4524250000004,1.0,1.0,0.524,10.845063401315201
2024-04-03,6,2620.4753329999994,1.0,1.0,0.858,191.7228906619257
2024-04-03,7,2794.052178000001,0.0,0.0,0.994,262.6996670247154
2024-04-03,8,2743.0900210000004,1.0,1.0,0.885,156.19101441806515
2024-04-03,9,2779.316847,0.0,0.0,0.959,214.2346520527799
2024-04-03,10,2814.3571939999997,0.0,0.0,0.986,234.4636093250615
2024-04-03,11,2838.693545,0.0,0.0,0.999,295.19448574310627
2024-04-03,12,2858.4718980000007,0.0,0.0,1.0,333.4728792395549
2024-04-03,13,2808.5447480000007,0.0,0.0,0.992,285.3583414319305
2024-04-03,14,2761.799973,0.0,1.0,0.943,230.7897335021171
2024-04-03,15,2599.63991,1.0,1.0,0.797,141.13149521529976
2024-04-03,16,2463.689303,1.0,1.0,0.732,113.55463171674592
2024-04-03,17,2250.3371740000002,1.0,1.0,0.724,114.75894889210713
2024-04-03,18,2086.4580170000004,1.0,1.0,0.599,49.043470301706975
2024-04-03,19,2076.337284,1.0,1.0,0.557,39.35773157494259
2024-04-03,20,2324.376432,0.0,1.0,0.9,270.50093464331485
2024-04-03,21,1946.2489369999998,1.0,1.0,0.551,23.125557852727752
2024-04-03,22,1577.5288329999998,1.0,1.0,0.273,-130.41178606626272
2024-04-03,23,1553.322489,1.0,1.0,0.461,-15.334585735409064
2024-04-10,0,548.178277,0.0,0.0,0.005,-518.586527546129
2024-04-10,1,1121.8831259999997,1.0,1.0,0.275,-160.45949810654406
2024-04-10,2,1684.2418559999994,1.0,1.0,0.587,53.72139044788469
2024-04-10,3,1594.0987109999999,1.0,1.0,0.194,-193.1684813039933
2024-04-10,4,1524.6331700000003,1.0,1.0,0.352,-94.38973883240828
2024-04-10,5,1380.589698,1.0,1.0,0.398,-66.97270472026071
2024-04-10,6,1143.350074,1.0,1.0,0.194,-230.6580788526644
2024-04-10,7,1172.085976,1.0,1.0,0.224,-209.00374603139903
2024-04-10,8,859.2044890000001,0.0,0.0,0.01,-605.3714555440321
2024-04-10,9,1255.904419,1.0,1.0,0.215,-209.9169278093168
2024-04-10,10,1366.0047539999998,1.0,1.0,0.272,-157.53897256463256
2024-04-10,11,1241.6538679999999,1.0,1.0,0.197,-230.13898183499919
2024-04-10,12,954.6547860000001,0.0,0.0,0.033,-438.57423668160664
2024-04-10,13,769.0991989999998,0.0,0.0,0.044,-402.4882491454948
2024-04-10,14,977.7095320000003,1.0,1.0,0.599,45.198058562444885
2024-04-10,15,639.884896,1.0,1.0,0.271,-114.14618895792898
2024-04-10,16,493.040973,1.0,1.0,0.111,-202.5766774729268
2024-04-10,17,291.897916,0.0,0.0,0.003,-385.92494507706397
2024-04-10,18,393.19590300000004,0.0,0.0,0.043,-276.83925731807983
2024-04-10,19,420.587853,0.0,1.0,0.063,-237.52215382200052
2024-04-10,20,368.7597619999999,0.0,0.0,0.044,-269.9893498923002
2024-04-10,21,615.858532,1.0,1.0,0.595,38.5321213975634
2024-04-10,22,534.0811600000001,1.0,1.0,0.527,8.432310568886237
2024-04-10,23,485.40432100000004,1.0,1.0,0.481,-6.860056007285266
2024-04-17,0,607.4708100000001,1.0,1.0,0.402,-42.62064127007682
2024-04-17,1,599.028519,1.0,1.0,0.43,-26.064367526439355
2024-04-17,2,820.996846,1.0,1.0,0.862,185.161197437257
2024-04-17,3,699.172461,1.0,1.0,0.717,83.62957077953968
2024-04-17,4,699.310286,1.0,1.0,0.652,59.439359337550286
2024-04-17,5,684.1325169999999,1.0,1.0,0.549,19.60656482103616
2024-04-17,6,698.790274,1.0,1.0,0.488,-3.380848728145338
2024-04-17,7,867.930969,1.0,1.0,0.741,106.08175894904957
2024-04-17,8,1004.86688,1.0,1.0,0.855,194.80152587416012
2024-04-17,9,1199.854732,0.0,1.0,0.945,323.66521643777855
2024-04-17,10,1226.383988,0.0,1.0,0.937,298.3379602152045
2024-04-17,11,979.605327,1.0,1.0,0.55,16.259341848832946
2024-04-17,12,752.2680959999999,1.0,1.0,0.143,-175.40646377889868
2024-04-17,13,475.7017610000001,0.0,0.0,0.03,-344.58691629889444
2024-04-17,14,481.15425400000015,1.0,1.0,0.175,-157.55348664735072
2024-04-17,15,327.170012,1.0,1.0,0.147,-146.33195746736408
2024-04-17,16,465.110181,1.0,1.0,0.718,86.31520280506447
2024-04-17,17,412.361256,1.0,1.0,0.657,49.82775220363919
2024-04-17,18,604.6176879999999,1.0,1.0,0.846,201.12772341068296
2024-04-17,19,719.302457,1.0,1.0,0.895,251.65953888513644
2024-04-17,20,733.7506099999999,1.0,1.0,0.797,143.26211071547743
2024-04-17,21,916.889787,1.0,1.0,0.748,116.14141665252407
2024-04-17,22,963.2793970000001,1.0,1.0,0.227,-158.16703362444935
2024-04-17,23,1244.2192080000002,1.0,1.0,0.391,-72.27208403675172
2024-04-24,0,1234.704845,1.0,1.0,0.569,27.915525332753305
2024-04-24,1,1147.8739120000002,1.0,1.0,0.645,66.4294033588751
2024-04-24,2,1253.3652550000002,1.0,1.0,0.796,209.39737462024323
2024-04-24,3,1207.4004189999998,0.0,1.0,0.914,328.2052046272206
2024-04-24,4,946.1665289999999,1.0,1.0,0.676,96.97403214489873
2024-04-24,5,896.966112,1.0,1.0,0.796,152.98121174744654
2024-04-24,6,782.3814339999999,1.0,1.0,0.627,62.6210815044783
2024-04-24,7,672.400076,1.0,1.0,0.347,-64.2700741430674
2024-04-24,8,720.8140649999999,1.0,1.0,0.388,-49.581042982905274
2024-04-24,9,1041.6242539999998,1.0,1.0,0.895,244.20414329331618
2024-04-24,10,958.9179870000002,1.0,1.0,0.673,89.89108051118797
2024-04-24,11,1080.9071259999998,1.0,1.0,0.833,218.90387291125478
2024-04-24,12,927.3949700000001,1.0,1.0,0.596,52.01253412935034
2024-04-24,13,718.805057,1.0,1.0,0.159,-191.70910636006147
2024-04-24,14,1332.0540799999999,0.0,1.0,0.942,346.6626751593351
2024-04-24,15,1171.408549,1.0,1.0,0.664,91.74125761983237
2024-04-24,16,1059.627663,1.0,1.0,0.46,-20.445884005786183
2024-04-24,17,1084.154852,1.0,1.0,0.521,12.646737213748338
2024-04-24,18,1062.432391,1.0,1.0,0.494,-5.263050678551963
2024-04-24,19,1025.652711,1.0,1.0,0.424,-39.66938404762641
2024-04-24,20,1082.0652920000002,1.0,1.0,0.667,90.26329801325608
2024-04-24,21,1022.6781229999999,1.0,1.0,0.705,122.02059210444804
2024-04-24,22,748.4338169999999,1.0,1.0,0.257,-120.69994097378185
2024-04-24,23,925.3003180000001,1.0,1.0,0.565,34.86538991386806
2024-05-01,0,472.996684,1.0,1.0,0.409,-24.591103255456517
2024-05-01,1,530.505925,1.0,1.0,0.483,-4.172893442873487
2024-05-01,2,438.8422499999999,1.0,1.0,0.272,-81.22924252881455
2024-05-01,3,415.606803,1.0,1.0,0.458,-15.220077164483087
2024-05-01,4,292.40019100000006,1.0,1.0,0.43,-18.384988890585817
2024-05-01,5,244.015625,1.0,1.0,0.589,25.2066180959809
2024-05-01,6,244.87407100000001,1.0,1.0,0.583,23.84061374453057
2024-05-01,7,139.64630499999998,1.0,1.0,0.31,-44.78640745152043
2024-05-01,8,207.151609,1.0,1.0,0.582,24.415082318111843
2024-05-01,9,184.869362,1.0,1.0,0.543,13.414733078198168
2024-05-01,10,184.823221,1.0,1.0,0.419,-18.634552100683663
2024-05-01,11,117.11282299999999,1.0,1.0,0.115,-100.36135469723047
2024-05-01,12,108.69905399999999,1.0,1.0,0.122,-91.81428865176815
2024-05-01,13,109.087246,1.0,1.0,0.235,-61.75853405375631
2024-05-01,14,130.241639,1.0,1.0,0.324,-44.81266335171139
2024-05-01,15,124.16846000000001,1.0,1.0,0.288,-50.562639612115504
2024-05-01,16,62.57022599999999,0.0,0.0,0.048,-99.00508230406447
2024-05-01,17,51.52808,0.0,0.0,0.035,-105.44515418794093
2024-05-01,18,93.25266699999999,1.0,1.0,0.124,-75.31560371443318
2024-05-01,19,122.70907100000001,1.0,1.0,0.137,-83.25881792945022
2024-05-01,20,242.191764,1.0,1.0,0.306,-49.29832184851941
2024-05-01,21,379.769159,1.0,1.0,0.45,-19.012088817651318
2024-05-01,22,333.510081,1.0,1.0,0.15,-137.02981912771946
2024-05-01,23,284.02828300000004,0.0,0.0,0.046,-208.00471859408088
2024-05-08,0,128.23347199999998,0.0,0.0,0.029,-151.603351697607
2024-05-08,1,248.22904799999998,1.0,1.0,0.345,-44.096636870076
2024-05-08,2,220.557317,1.0,1.0,0.16,-95.77211517254318
2024-05-08,3,232.35011799999998,0.0,1.0,0.096,-138.07727777842885
2024-05-08,4,319.088274,1.0,1.0,0.133,-139.21178845841888
2024-05-08,5,750.6579810000001,1.0,1.0,0.708,105.18441452933666
2024-05-08,6,825.294373,1.0,1.0,0.468,-16.3966314637521
2024-05-08,7,950.7632569999998,1.0,1.0,0.342,-95.89980269347211
2024-05-08,8,1026.80443,1.0,1.0,0.307,-116.04926550590676
2024-05-08,9,1000.8079680000001,0.0,1.0,0.08,-282.16516867866767
2024-05-08,10,1268.937425,1.0,1.0,0.357,-86.58577545080834
2024-05-08,11,1621.42092,1.0,1.0,0.799,170.19170368008076
2024-05-08,12,1540.974906,1.0,1.0,0.435,-32.96256640427987
2024-05-08,13,1760.406366,1.0,1.0,0.47,-10.743362388405103
2024-05-08,14,2106.0774429999997,1.0,1.0,0.702,101.59889584241137
2024-05-08,15,2168.9683360000004,1.0,1.0,0.571,27.0991486140706
2024-05-08,16,2126.6012200000005,1.0,1.0,0.325,-63.47934853356537
2024-05-08,17,2351.9427390000005,0.0,0.0,0.973,215.37472587956063
2024-05-08,18,2274.305158,0.0,0.0,0.963,191.6473330292847
2024-05-08,19,2221.204227,0.0,0.0,0.951,206.13055793582498
2024-05-08,20,2187.294982,0.0,0.0,0.963,302.616831470898
2024-05-08,21,2142.380097,0.0,1.0,0.93,308.7757720776906
2024-05-08,22,1812.229095,1.0,1.0,0.634,62.65773947379694
2024-05-08,23,1565.3295600000004,1.0,1.0,0.229,-135.95326198302223
2024-05-15,0,728.242657,1.0,1.0,0.841,211.7770312131795
2024-05-15,1,607.0757170000002,1.0,1.0,0.65,69.60023706577783
2024-05-15,2,666.0701360000002,1.0,1.0,0.706,110.5379456227754
2024-05-15,3,487.735529,1.0,1.0,0.552,24.228041107841193
2024-05-15,4,550.5770869999999,1.0,1.0,0.841,183.59790371033267
2024-05-15,5,508.93980600000003,1.0,1.0,0.872,197.2881807442696
2024-05-15,6,384.085484,1.0,1.0,0.756,98.23087227599348
2024-05-15,7,213.25787799999998,1.0,1.0,0.309,-54.811862596336965
2024-05-15,8,105.66142599999999,0.0,1.0,0.051,-131.58147897987158
2024-05-15,9,74.26952700000001,0.0,0.0,0.009,-169.06220622168368
2024-05-15,10,125.110407,1.0,1.0,0.127,-99.35828317204637
2024-05-15,11,89.37466899999998,0.0,1.0,0.069,-100.15407687672288
2024-05-15,12,74.1781,0.0,1.0,0.099,-87.62847126185312
2024-05-15,13,92.426429,1.0,1.0,0.147,-74.14674142688948
2024-05-15,14,143.221113,1.0,1.0,0.156,-82.5104746364816
2024-05-15,15,96.64993,0.0,0.0,0.002,-192.24665100449965
2024-05-15,16,142.54728400000002,0.0,0.0,0.019,-197.84371660113626
2024-05-15,17,116.1855,0.0,0.0,0.013,-222.5146866472229
2024-05-15,18,166.287063,0.0,0.0,0.026,-230.24588397087973
2024-05-15,19,161.693145,0.0,0.0,0.009,-327.71058444202254
2024-05-15,20,245.24316199999998,0.0,0.0,0.045,-238.37907840105584
2024-05-15,21,111.96308599999998,0.0,0.0,0.01,-278.2719562854545
2024-05-15,22,255.962648,1.0,1.0,0.546,16.326593423311124
2024-05-15,23,265.622728,1.0,1.0,0.678,68.84501279029593
2024-05-22,0,855.7288580000002,0.0,1.0,0.948,329.50169738713123
2024-05-22,1,585.875812,1.0,1.0,0.438,-22.700973390282115
2024-05-22,2,600.9584649999999,1.0,1.0,0.245,-109.65690377876717
2024-05-22,3,792.118766,1.0,1.0,0.19,-178.41831730656463
2024-05-22,4,1472.4917569999998,1.0,1.0,0.809,218.65953191320955
2024-05-22,5,1429.86983,1.0,1.0,0.258,-165.5896289861521
2024-05-22,6,1824.0495650000003,1.0,1.0,0.558,33.87930494972193
2024-05-22,7,2030.564735,1.0,1.0,0.746,167.77647976778485
2024-05-22,8,2043.8332999999998,1.0,1.0,0.814,234.0707965973006
2024-05-22,9,1711.4485840000002,1.0,1.0,0.576,47.51532594035393
2024-05-22,10,1654.9887509999996,1.0,1.0,0.778,185.62994144177287
2024-05-22,11,1241.1950470000002,1.0,1.0,0.508,3.182763132632317
2024-05-22,12,799.5096639999998,1.0,1.0,0.174,-184.76676679594095
2024-05-22,13,870.3648089999999,1.0,1.0,0.68,89.81442156492119
2024-05-22,14,685.3630800000001,1.0,1.0,0.441,-27.57049139890148
2024-05-22,15,945.190792,1.0,1.0,0.853,185.02502680544183
2024-05-22,16,1092.903944,1.0,1.0,0.796,171.20965496642827
2024-05-22,17,1040.414029,1.0,1.0,0.404,-52.135139330066295
2024-05-22,18,1495.171929,0.0,1.0,0.904,298.3024237901459
2024-05-22,19,1252.5016710000002,1.0,1.0,0.471,-15.718588273701016
2024-05-22,20,1216.125159,1.0,1.0,0.435,-39.00962521324914
2024-05-22,21,1012.228969,1.0,1.0,0.291,-119.74232227174775
2024-05-22,22,933.2422190000001,1.0,1.0,0.216,-156.68405550957675
2024-05-22,23,1025.831774,1.0,1.0,0.41,-50.60133809548529
2024-05-29,0,968.6153039999999,1.0,1.0,0.357,-72.58689695296607
2024-05-29,1,643.9142509999999,0.0,1.0,0.051,-341.7636704374388
2024-05-29,2,980.7922850000003,1.0,1.0,0.754,164.20977667668683
2024-05-29,3,868.919468,1.0,1.0,0.828,189.9930918877925
2024-05-29,4,681.571467,1.0,1.0,0.821,154.5158851113598
2024-05-29,5,813.5395070000002,0.0,0.0,0.982,389.4463049238383
2024-05-29,6,510.6207259999999,1.0,1.0,0.786,117.89044382942359
2024-05-29,7,400.673257,1.0,1.0,0.596,33.27210340239873
2024-05-29,8,234.39000999999996,1.0,1.0,0.191,-106.70074985302028
2024-05-29,9,250.98917799999992,1.0,1.0,0.373,-35.63382075253543
2024-05-29,10,195.61179099999998,1.0,1.0,0.323,-47.07579191874211
2024-05-29,11,186.94973599999997,1.0,1.0,0.458,-9.46894949626278
2024-05-29,12,142.44887300000002,1.0,1.0,0.504,0.4965272202572635
2024-05-29,13,109.88968800000002,1.0,1.0,0.432,-20.50951715330943
2024-05-29,14,150.38647,1.0,1.0,0.554,16.482062969756157
2024-05-29,15,104.90613199999999,1.0,1.0,0.301,-44.83151361567778
2024-05-29,16,93.236704,0.0,1.0,0.097,-86.35039973374126
2024-05-29,17,164.470068,1.0,1.0,0.147,-85.83361467203363
2024-05-29,18,143.044278,0.0,0.0,0.02,-167.2019081277688
2024-05-29,19,256.177723,1.0,1.0,0.165,-107.76547097860896
2024-05-29,20,318.016504,1.0,1.0,0.257,-76.68588904567179
2024-05-29,21,298.127563,1.0,1.0,0.159,-112.0218737207075
2024-05-29,22,267.10282,1.0,1.0,0.11,-143.19863571393057
2024-05-29,23,295.44462100000004,1.0,1.0,0.203,-95.94575647107172
2024-06-05,0,81.138424,0.0,0.0,0.003,-197.07475833821172
2024-06-05,1,99.24889,0.0,0.0,0.002,-223.51878551850967
2024-06-05,2,182.91463000000002,0.0,0.0,0.008,-240.03795294443213
2024-06-05,3,234.98677500000002,0.0,0.0,0.006,-290.4330613512098
2024-06-05,4,414.34095300000007,0.0,0.0,0.03,-285.77199407377344
2024-06-05,5,827.9899569999999,1.0,1.0,0.248,-133.4368161435492
2024-06-05,6,1032.108064,1.0,1.0,0.179,-209.70050037516785
2024-06-05,7,1145.5430239999998,0.0,1.0,0.098,-275.4053920552226
2024-06-05,8,1324.2703880000001,1.0,1.0,0.182,-182.84431019664703
2024-06-05,9,1273.0784889999998,1.0,1.0,0.219,-157.11060407957189
2024-06-05,10,1056.7679379999997,1.0,1.0,0.124,-251.78454097328517
2024-06-05,11,742.986687,0.0,0.0,0.039,-397.4191825770596
2024-06-05,12,569.507189,0.0,0.0,0.039,-370.82734824968236
2024-06-05,13,442.40322100000003,0.0,1.0,0.059,-281.07619150064977
2024-06-05,14,465.32585900000004,1.0,1.0,0.262,-101.8715036750466
2024-06-05,15,484.71471800000006,1.0,1.0,0.449,-19.3579988612625
2024-06-05,16,384.107017,1.0,1.0,0.243,-112.24983892854317
2024-06-05,17,485.76852999999994,1.0,1.0,0.48,-7.355356732698851
2024-06-05,18,381.517565,1.0,1.0,0.243,-87.06761713682334
2024-06-05,19,580.8098469999999,1.0,1.0,0.807,138.0011187169075
2024-06-05,20,543.047468,1.0,1.0,0.707,85.15378327055419
2024-06-05,21,773.3606120000001,1.0,1.0,0.879,213.82828550465513
2024-06-05,22,754.643615,1.0,1.0,0.43,-29.704335323708847
2024-06-05,23,659.578622,0.0,1.0,0.07,-276.77561006509825
2024-06-12,0,21.430791,0.0,0.0,0.049,-71.59056979339084
2024-06-12,1,43.059421,1.0,1.0,0.157,-62.04828333756497
2024-06-12,2,55.08440100000001,1.0,1.0,0.183,-54.53148447434223
2024-06-12,3,89.36147899999999,1.0,1.0,0.386,-19.756809861068504
2024-06-12,4,139.209081,1.0,1.0,0.6,34.74633437555133
2024-06-12,5,90.46589900000001,1.0,1.0,0.491,-2.9352623858491143
2024-06-12,6,74.898867,1.0,1.0,0.454,-11.399786976151447
2024-06-12,7,37.780754,1.0,1.0,0.222,-53.676235588789766
2024-06-12,8,55.173568,1.0,1.0,0.19,-53.063530756237455
2024-06-12,9,53.878389999999996,0.0,0.0,0.04,-91.21797370291603
2024-06-12,10,39.480971,0.0,0.0,0.004,-130.9756676893631
2024-06-12,11,50.41916,0.0,0.0,0.017,-106.97230685434292
2024-06-12,12,46.483406,0.0,0.0,0.014,-109.02759372786159
2024-06-12,13,27.753592999999995,0.0,0.0,0.003,-119.17344250073927
2024-06-12,14,34.444679,0.0,0.0,0.0,-135.29230139675784
2024-06-12,15,65.938874,0.0,0.0,0.023,-130.26813266467158
2024-06-12,16,73.206534,0.0,0.0,0.022,-133.03946533718417
2024-06-12,17,58.672436,0.0,0.0,0.016,-127.11362479645675
2024-06-12,18,78.86790399999998,0.0,0.0,0.031,-113.24845075161122
2024-06-12,19,81.065807,0.0,0.0,0.025,-137.56869611299442
2024-06-12,20,59.339184,0.0,0.0,0.003,-191.55407795480272
2024-06-12,21,140.615071,0.0,1.0,0.074,-125.53935259411605
2024-06-12,22,232.119084,1.0,1.0,0.431,-17.006926256527947
2024-06-12,23,193.152024,1.0,1.0,0.295,-49.82156105112654
2024-06-19,0,283.03893600000004,1.0,1.0,0.328,-40.218174296030725
2024-06-19,1,376.69311799999997,1.0,1.0,0.612,33.83884066361912
2024-06-19,2,685.0006089999999,1.0,1.0,0.86,190.78888654642958
2024-06-19,3,830.4982140000001,1.0,1.0,0.859,186.51754539507203
2024-06-19,4,891.989004,1.0,1.0,0.758,129.80702802110227
2024-06-19,5,994.631699,1.0,1.0,0.702,113.77628898651983
2024-06-19,6,917.95687,1.0,1.0,0.223,-166.9158798918861
2024-06-19,7,1057.858487,1.0,1.0,0.131,-285.5913761791635
2024-06-19,8,1138.8677910000001,1.0,1.0,0.113,-319.1588674281779
2024-06-19,9,1239.8779409999997,1.0,1.0,0.279,-137.47831055102756
2024-06-19,10,1221.928645,1.0,1.0,0.512,6.77111742131865
2024-06-19,11,859.6426090000001,1.0,1.0,0.17,-200.5497422754314
2024-06-19,12,395.120645,0.0,0.0,0.001,-505.8040353739356
2024-06-19,13,388.92471400000005,0.0,0.0,0.02,-346.03085780360306
2024-06-19,14,232.01815800000003,0.0,0.0,0.003,-393.40840732292264
2024-06-19,15,267.495344,0.0,0.0,0.017,-253.1168958583549
2024-06-19,16,341.262022,1.0,1.0,0.183,-104.2672711711906
2024-06-19,17,320.29525,1.0,1.0,0.402,-29.901232871789375
2024-06-19,18,356.432441,1.0,1.0,0.59,27.906280608402653
2024-06-19,19,285.75150099999996,1.0,1.0,0.332,-43.94260310171961
2024-06-19,20,274.91972300000003,1.0,1.0,0.162,-98.4779580059365
2024-06-19,21,298.09778500000004,1.0,1.0,0.172,-98.22838638729274
2024-06-19,22,253.191467,0.0,1.0,0.053,-154.7589361100259
2024-06-19,23,312.322004,1.0,1.0,0.191,-89.3661793986114
2024-06-26,0,1596.204847,0.0,0.0,0.992,623.0164804692713
2024-06-26,1,2186.713043,0.0,0.0,1.0,1097.8770517779978
2024-06-26,2,2430.6555139999996,0.0,0.0,1.0,1162.2773701360916
2024-06-26,3,2389.589552000001,0.0,0.0,1.0,1012.0319230520713
2024-06-26,4,2401.4558710000006,0.0,0.0,1.0,936.7264262969097
2024-06-26,5,2193.492097,0.0,0.0,0.999,602.3586733434172
2024-06-26,6,2384.148638,0.0,0.0,0.999,615.2209993585082
2024-06-26,7,2437.5085750000003,0.0,0.0,0.998,605.5742024540214
2024-06-26,8,2178.781602,0.0,0.0,0.972,387.9203783680882
2024-06-26,9,2089.9678400000003,0.0,0.0,0.989,547.497423624352
2024-06-26,10,1609.3910119999998,0.0,0.0,0.95,421.32458612435653
2024-06-26,11,1290.940617,0.0,0.0,0.961,398.1135314917459
2024-06-26,12,883.2151740000002,1.0,1.0,0.811,181.60443571063433
2024-06-26,13,687.44059,1.0,1.0,0.602,49.07536479009866
2024-06-26,14,707.9896530000001,1.0,1.0,0.675,78.72077788323566
2024-06-26,15,829.472175,1.0,1.0,0.745,134.62949687057755
2024-06-26,16,1002.3988510000001,1.0,1.0,0.874,251.8872285242188
2024-06-26,17,680.7290399999999,1.0,1.0,0.251,-133.1827932653291
2024-06-26,18,730.8230310000001,1.0,1.0,0.267,-116.26993422751048
2024-06-26,19,666.9931419999999,1.0,1.0,0.119,-230.84940343406276
2024-06-26,20,719.2277620000001,1.0,1.0,0.248,-144.00446146491663
2024-06-26,21,782.539305,1.0,1.0,0.736,123.78942867517844
2024-06-26,22,717.618711,1.0,1.0,0.826,162.529535332484
2024-06-26,23,638.364061,1.0,1.0,0.819,153.84316753439407
2024-07-03,0,162.45011,0.0,1.0,0.067,-140.7746185559712
2024-07-03,1,365.85510600000003,1.0,1.0,0.256,-87.37075599055498
2024-07-03,2,644.5163739999999,1.0,1.0,0.344,-75.00632180679725
2024-07-03,3,1039.3245200000001,1.0,1.0,0.585,45.8657907902558
2024-07-03,4,1148.239662,1.0,1.0,0.401,-63.18581947219127
2024-07-03,5,1368.514455,1.0,1.0,0.365,-64.7160170054351
2024-07-03,6,1614.096681,1.0,1.0,0.412,-40.30316520118163
2024-07-03,7,1920.9274450000003,1.0,1.0,0.697,122.5370628046146
2024-07-03,8,2059.2738959999997,1.0,1.0,0.794,187.37459213873535
2024-07-03,9,1968.9996139999998,1.0,1.0,0.787,185.43835047396738
2024-07-03,10,1716.9804200000003,1.0,1.0,0.469,-20.807747167764774
2024-07-03,11,1772.960074,1.0,1.0,0.753,158.3865630101941
2024-07-03,12,1617.702167,1.0,1.0,0.529,21.153155180696558
2024-07-03,13,1620.666181,1.0,1.0,0.632,90.9980543114325
2024-07-03,14,1515.5278560000002,1.0,1.0,0.402,-54.22607197426487
2024-07-03,15,1730.0966669999996,1.0,1.0,0.628,60.43654881497787
2024-07-03,16,1988.4066280000002,1.0,1.0,0.845,194.18523277404393
2024-07-03,17,1849.034752,1.0,1.0,0.454,-24.714599447601813
2024-07-03,18,1836.4997810000004,1.0,1.0,0.5,0.01823030736659348
2024-07-03,19,1838.333245,1.0,1.0,0.433,-48.47221259998037
2024-07-03,20,1936.8610899999999,1.0,1.0,0.723,155.12772845221843
2024-07-03,21,1899.0267140000003,1.0,1.0,0.818,241.01962344919207
2024-07-03,22,1550.164636,1.0,1.0,0.616,69.98422576975645
2024-07-03,23,1609.3358319999995,1.0,1.0,0.77,183.12703954946278
2024-07-10,0,431.4766069999999,1.0,1.0,0.27,-81.11119778571111
2024-07-10,1,417.01599100000004,1.0,1.0,0.261,-88.06796623338579
2024-07-10,2,501.195493,1.0,1.0,0.52,8.514534436436293
2024-07-10,3,549.31007,1.0,1.0,0.674,71.83467599679125
2024-07-10,4,462.55463899999995,1.0,1.0,0.59,35.31475389773118
2024-07-10,5,382.846633,1.0,1.0,0.46,-16.853352639215416
2024-07-10,6,412.17086499999994,1.0,1.0,0.598,34.49013388621108
2024-07-10,7,355.419868,1.0,1.0,0.291,-66.35530750382941
2024-07-10,8,396.47454700000003,1.0,1.0,0.231,-88.44588925648463
2024-07-10,9,465.185173,1.0,1.0,0.342,-64.46451837924275
2024-07-10,10,680.547508,1.0,1.0,0.804,140.84590555413592
2024-07-10,11,816.8038789999998,0.0,1.0,0.937,336.3512737896117
2024-07-10,12,562.133295,1.0,1.0,0.768,114.60456504777801
2024-07-10,13,470.90460299999995,1.0,1.0,0.613,37.38592302858547
2024-07-10,14,700.718138,1.0,1.0,0.882,205.75770180285377
2024-07-10,15,1021.416016,0.0,0.0,0.978,486.280938443051
2024-07-10,16,820.0562919999998,1.0,1.0,0.863,219.22111345895792
2024-07-10,17,914.5478340000001,1.0,1.0,0.889,247.273565861591
2024-07-10,18,780.574345,1.0,1.0,0.579,35.440402451395585
2024-07-10,19,964.447881,1.0,1.0,0.766,147.33003351478987
2024-07-10,20,675.658832,1.0,1.0,0.278,-99.07287396585309
2024-07-10,21,739.2910880000001,1.0,1.0,0.673,69.17896643054769
2024-07-10,22,497.6786950000001,1.0,1.0,0.403,-33.815034946859384
2024-07-10,23,391.577198,1.0,1.0,0.254,-77.75171362606415
2024-07-17,0,1091.776707,0.0,1.0,0.921,310.3104301513491
2024-07-17,1,1007.6699240000002,1.0,1.0,0.874,229.10954995812517
2024-07-17,2,792.520043,1.0,1.0,0.55,22.62567725416193
2024-07-17,3,689.285548,1.0,1.0,0.189,-162.7932663052876
2024-07-17,4,1164.663751,1.0,1.0,0.831,204.31182735845812
2024-07-17,5,1021.683171,1.0,1.0,0.441,-26.370615123180983
2024-07-17,6,1052.211761,1.0,1.0,0.585,45.59881357112772
2024-07-17,7,1133.56084,1.0,1.0,0.825,216.48193987869695
2024-07-17,8,959.5007309999999,1.0,1.0,0.635,76.27477501418298
2024-07-17,9,933.7703669999999,1.0,1.0,0.697,104.46353747038938
2024-07-17,10,770.9303859999997,1.0,1.0,0.543,18.46047180264111
2024-07-17,11,688.2199189999999,1.0,1.0,0.631,57.408911699903456
2024-07-17,12,497.17205400000006,1.0,1.0,0.507,2.55557223916054
2024-07-17,13,352.91965000000005,1.0,1.0,0.368,-55.487762854281755
2024-07-17,14,291.906224,1.0,1.0,0.162,-126.44186917048847
2024-07-17,15,408.05399,1.0,1.0,0.466,-14.238944750460803
2024-07-17,16,342.1758920000001,1.0,1.0,0.197,-113.93057090854381
2024-07-17,17,271.04515100000003,1.0,1.0,0.14,-132.17582948102154
2024-07-17,18,356.684841,1.0,1.0,0.342,-52.12200612483764
2024-07-17,19,458.423768,1.0,1.0,0.668,49.78885187067726
2024-07-17,20,496.79576899999995,1.0,1.0,0.628,44.02308017097704
2024-07-17,21,386.78438500000004,1.0,1.0,0.382,-42.1416903638235
2024-07-17,22,290.108561,0.0,1.0,0.071,-160.91084762032403
2024-07-17,23,290.570231,0.0,1.0,0.08,-149.85167315243842
2024-07-24,0,54.313438999999995,1.0,1.0,0.165,-65.71665378046049
2024-07-24,1,157.028046,1.0,1.0,0.587,21.863731591168545
2024-07-24,2,241.22562200000004,1.0,1.0,0.671,54.03260941031567
2024-07-24,3,255.54087399999997,1.0,1.0,0.508,2.263768917880725
2024-07-24,4,352.483754,1.0,1.0,0.569,21.625161976603238
2024-07-24,5,368.210969,1.0,1.0,0.301,-71.77409708655188
2024-07-24,6,547.3031929999999,1.0,1.0,0.497,-1.211159944014753
2024-07-24,7,587.7012209999999,1.0,1.0,0.376,-56.45673837153845
2024-07-24,8,638.250175,1.0,1.0,0.378,-68.37602412820797
2024-07-24,9,711.0905820000002,1.0,1.0,0.487,-3.6394580287126246
2024-07-24,10,669.195178,1.0,1.0,0.454,-16.639255999601232
2024-07-24,11,624.59313,1.0,1.0,0.658,73.55701080937536
2024-07-24,12,514.698406,1.0,1.0,0.716,80.57797836974919
2024-07-24,13,376.211602,1.0,1.0,0.633,40.624130395462714
2024-07-24,14,381.938794,1.0,1.0,0.664,59.976882257976
2024-07-24,15,403.41165,1.0,1.0,0.625,44.38494100084074
2024-07-24,16,456.78723499999995,1.0,1.0,0.569,23.646440503283372
2024-07-24,17,552.7840980000001,1.0,1.0,0.769,108.06756605975454
2024-07-24,18,602.6188010000001,1.0,1.0,0.825,160.53293265840762
2024-07-24,19,770.3554100000001,0.0,1.0,0.948,281.08082983211693
2024-07-24,20,474.3914930000001,1.0,1.0,0.11,-172.87462778585677
2024-07-24,21,605.33101,1.0,1.0,0.208,-130.16074733319476
2024-07-24,22,437.3017579999999,0.0,0.0,0.015,-343.70006253534933
2024-07-24,23,465.4987769999999,0.0,0.0,0.049,-242.7327233945599
2024-07-31,0,586.9296160000001,1.0,1.0,0.157,-207.83635167417287
2024-07-31,1,457.59899699999994,0.0,0.0,0.034,-303.397572459445
2024-07-31,2,390.983298,0.0,0.0,0.025,-311.7499679731262
2024-07-31,3,634.621676,1.0,1.0,0.279,-93.03700926721262
2024-07-31,4,903.7967649999999,1.0,1.0,0.811,177.72362174074374
2024-07-31,5,695.8709390000001,1.0,1.0,0.488,-7.092493305515973
2024-07-31,6,849.1885729999999,1.0,1.0,0.736,123.26930238968157
2024-07-31,7,866.6685229999998,1.0,1.0,0.746,122.53175312835742
2024-07-31,8,1004.5104550000001,1.0,1.0,0.846,213.85064952674531
2024-07-31,9,1194.3937660000001,0.0,0.0,0.959,371.5578604071968
2024-07-31,10,801.832707,1.0,1.0,0.42,-36.3306174928407
2024-07-31,11,697.080512,1.0,1.0,0.365,-57.770455464513816
2024-07-31,12,618.883648,1.0,1.0,0.345,-61.38986290799562
2024-07-31,13,474.12484500000005,1.0,1.0,0.172,-141.41913676561853
2024-07-31,14,492.42751699999997,1.0,1.0,0.16,-141.20922249952685
2024-07-31,15,524.5625660000001,1.0,1.0,0.183,-131.66709779573716
2024-07-31,16,636.6858139999999,1.0,1.0,0.444,-18.68409147457328
2024-07-31,17,699.303226,1.0,1.0,0.488,-2.848192851182148
2024-07-31,18,639.4486549999999,1.0,1.0,0.348,-64.64572766042602
2024-07-31,19,658.7370750000001,1.0,1.0,0.265,-100.41407843209254
2024-07-31,20,780.5773490000001,1.0,1.0,0.46,-21.302579953407758
2024-07-31,21,653.966676,1.0,1.0,0.193,-166.64157537225697
2024-07-31,22,658.442675,1.0,1.0,0.372,-54.27806529932957
2024-07-31,23,452.081688,1.0,1.0,0.112,-185.0774143679198
2024-08-07,0,404.780143,1.0,1.0,0.537,9.447933959715613
2024-08-07,1,580.8797729999999,1.0,1.0,0.794,134.2416787288148
2024-08-07,2,518.801186,1.0,1.0,0.511,3.905433892219321
2024-08-07,3,594.3208510000001,1.0,1.0,0.592,40.69867801720477
2024-08-07,4,575.3110059999999,1.0,1.0,0.572,37.385455418612764
2024-08-07,5,550.665087,1.0,1.0,0.605,45.725261541915415
2024-08-07,6,415.2501219999999,1.0,1.0,0.198,-112.12203643623695
2024-08-07,7,444.496812,1.0,1.0,0.244,-96.97646095124117
2024-08-07,8,503.321955,1.0,1.0,0.248,-99.80879306577265
2024-08-07,9,470.841218,1.0,1.0,0.213,-111.57658599239267
2024-08-07,10,456.4016089999999,1.0,1.0,0.2,-119.83550480008046
2024-08-07,11,471.49524099999996,1.0,1.0,0.366,-40.521699064304926
2024-08-07,12,362.8394149999999,1.0,1.0,0.126,-128.17563962369422
2024-08-07,13,374.182597,1.0,1.0,0.172,-103.79577798157948
2024-08-07,14,358.26674099999997,1.0,1.0,0.118,-140.90297515627213
2024-08-07,15,392.46101,1.0,1.0,0.143,-130.84330236656467
2024-08-07,16,399.1821250000001,1.0,1.0,0.167,-128.6700766158187
2024-08-07,17,367.4550030000001,1.0,1.0,0.146,-124.70342052057367
2024-08-07,18,355.04811,1.0,1.0,0.186,-97.91669203824557
2024-08-07,19,278.93015599999995,0.0,1.0,0.061,-153.50155756212558
2024-08-07,20,237.668239,0.0,0.0,0.016,-204.05287860048568
2024-08-07,21,296.502967,0.0,1.0,0.064,-150.16963364085808
2024-08-07,22,290.404822,0.0,0.0,0.043,-191.5153471836009
2024-08-07,23,437.072735,1.0,1.0,0.319,-55.10122580335502
2024-08-14,0,381.3189999999999,1.0,1.0,0.476,-9.223027635202357
2024-08-14,1,299.341531,1.0,1.0,0.241,-90.61758792615842
2024-08-14,2,300.79531900000006,1.0,1.0,0.282,-70.66801229425658
2024-08-14,3,358.370133,1.0,1.0,0.576,23.015196246483015
2024-08-14,4,358.764665,1.0,1.0,0.64,46.37514330721052
2024-08-14,5,356.871196,1.0,1.0,0.627,39.952842936820105
2024-08-14,6,457.13132100000007,1.0,1.0,0.771,105.65713709368453
2024-08-14,7,392.77684000000005,1.0,1.0,0.585,27.915686238465298
2024-08-14,8,323.619728,1.0,1.0,0.399,-31.9518184452603
2024-08-14,9,232.00906000000003,1.0,1.0,0.198,-85.93523654166614
2024-08-14,10,228.68535399999993,1.0,1.0,0.329,-48.730977056329294
2024-08-14,11,253.54238499999997,1.0,1.0,0.588,28.36072403359782
2024-08-14,12,137.00536,1.0,1.0,0.368,-30.472853401820743
2024-08-14,13,82.39364499999999,1.0,1.0,0.292,-47.89598983021381
2024-08-14,14,66.319171,1.0,1.0,0.286,-39.66262657612039
2024-08-14,15,80.25195300000001,1.0,1.0,0.374,-29.137499625682523
2024-08-14,16,97.91251099999998,1.0,1.0,0.474,-3.9307793471229076
2024-08-14,17,155.92510099999998,1.0,1.0,0.637,41.89712307229023
2024-08-14,18,189.90281300000004,1.0,1.0,0.68,58.36804501065993
2024-08-14,19,151.20874,1.0,1.0,0.529,8.186966162558946
2024-08-14,20,270.290598,1.0,1.0,0.776,113.92398096797237
2024-08-14,21,217.172549,1.0,1.0,0.651,51.1039215907885
2024-08-14,22,191.74991999999995,1.0,1.0,0.512,3.832119254987589
2024-08-14,23,205.81610300000003,1.0,1.0,0.57,20.12158397514807
2024-08-21,0,595.8160190000001,1.0,1.0,0.148,-188.10317312544908
2024-08-21,1,542.959153,1.0,1.0,0.172,-152.40427595214192
2024-08-21,2,501.03523299999995,1.0,1.0,0.247,-100.88022664777861
2024-08-21,3,568.7484320000001,1.0,1.0,0.607,47.804052438441886
2024-08-21,4,514.768201,1.0,1.0,0.542,11.995668893947254
2024-08-21,5,364.31756199999995,1.0,1.0,0.257,-84.79102286354816
2024-08-21,6,372.698397,1.0,1.0,0.312,-66.88610198467177
2024-08-21,7,278.952224,1.0,1.0,0.125,-139.75923605032835
2024-08-21,8,382.91590499999995,1.0,1.0,0.467,-9.635199214533145
2024-08-21,9,426.62018900000004,1.0,1.0,0.557,17.931344392355356
2024-08-21,10,489.97059299999995,1.0,1.0,0.625,43.01842433399469
2024-08-21,11,500.88958400000007,1.0,1.0,0.648,52.488809040559374
2024-08-21,12,440.7664740000001,1.0,1.0,0.306,-73.64604366227962
2024-08-21,13,460.8075709999999,1.0,1.0,0.175,-145.45384418779935
2024-08-21,14,569.0816140000001,1.0,1.0,0.2,-134.98991178284564
2024-08-21,15,618.07015,1.0,1.0,0.216,-131.93780607278438
2024-08-21,16,712.5379489999999,1.0,1.0,0.385,-55.886359623879684
2024-08-21,17,735.66253,1.0,1.0,0.502,1.0451514068794268
2024-08-21,18,843.3776510000002,1.0,1.0,0.789,152.17452224608417
2024-08-21,19,707.5568119999998,1.0,1.0,0.693,91.10096840292704
2024-08-21,20,642.49067,1.0,1.0,0.641,57.664000692998684
2024-08-21,21,536.9579630000001,1.0,1.0,0.439,-23.32425270274325
2024-08-21,22,413.48395000000005,1.0,1.0,0.216,-112.83855803777328
2024-08-21,23,459.92556500000006,1.0,1.0,0.364,-56.758370645699586
2024-08-28,0,756.8554850000002,0.0,0.0,0.008,-608.2899129007782
2024-08-28,1,1388.1753509999999,1.0,1.0,0.364,-101.69047630016803
2024-08-28,2,1910.275979,1.0,1.0,0.846,216.71488182933513
2024-08-28,3,1935.1470410000002,1.0,1.0,0.778,165.27741634119138
2024-08-28,4,2030.8522840000003,1.0,1.0,0.842,225.78082240771687
2024-08-28,5,1944.2653440000001,1.0,1.0,0.712,136.88431308826944
2024-08-28,6,1895.854187,1.0,1.0,0.707,139.17688216449824
2024-08-28,7,1959.5597499999994,0.0,1.0,0.931,361.6919879268821
2024-08-28,8,1602.2282599999996,1.0,1.0,0.728,136.10484946360816
2024-08-28,9,1533.2195170000002,1.0,1.0,0.835,201.15478678082218
2024-08-28,10,1111.839242,1.0,1.0,0.334,-95.67651988434704
2024-08-28,11,1040.2825540000001,1.0,1.0,0.697,119.13926066566705
2024-08-28,12,715.7936559999999,1.0,1.0,0.582,37.44666135309956
2024-08-28,13,426.06890899999996,1.0,1.0,0.379,-34.97707832657113
2024-08-28,14,488.539855,1.0,1.0,0.757,104.60868915239143
2024-08-28,15,509.01595100000003,1.0,1.0,0.832,154.72938599290512
2024-08-28,16,375.458391,1.0,1.0,0.523,5.466922809262371
2024-08-28,17,349.02893400000005,1.0,1.0,0.334,-40.40272919947063
2024-08-28,18,267.944601,0.0,0.0,0.047,-149.77515036123538
2024-08-28,19,251.04313100000002,0.0,1.0,0.054,-145.4745208751964
2024-08-28,20,250.063495,0.0,1.0,0.089,-118.05413944580954
2024-08-28,21,296.05339200000003,1.0,1.0,0.312,-48.024161952756
2024-08-28,22,307.860926,1.0,1.0,0.484,-4.321919868439579
2024-08-28,23,287.98302,1.0,1.0,0.414,-21.91573621161251
2024-09-04,0,416.10027900000006,1.0,1.0,0.623,50.30122223184941
2024-09-04,1,387.67373999999995,1.0,1.0,0.446,-20.883999444348888
2024-09-04,2,492.95219199999997,1.0,1.0,0.562,29.118032499819435
2024-09-04,3,549.10937,1.0,1.0,0.654,67.62569366007699
2024-09-04,4,428.83785600000004,1.0,1.0,0.464,-11.973536385925911
2024-09-04,5,482.30303100000003,1.0,1.0,0.66,70.32057670397899
2024-09-04,6,589.805111,1.0,1.0,0.872,197.9007400789136
2024-09-04,7,783.9810590000002,0.0,0.0,0.983,404.950155645859
2024-09-04,8,643.315341,0.0,0.0,0.95,271.7141412180538
2024-09-04,9,478.269567,1.0,1.0,0.84,135.84744154683443
2024-09-04,10,378.290912,1.0,1.0,0.605,35.510409581848364
2024-09-04,11,262.83518399999997,1.0,1.0,0.236,-76.85351168985375
2024-09-04,12,366.947096,1.0,1.0,0.718,72.63561187003637
2024-09-04,13,182.14109599999998,1.0,1.0,0.326,-37.94366110900182
2024-09-04,14,114.70323900000001,1.0,1.0,0.316,-36.67927702458526
2024-09-04,15,108.766681,1.0,1.0,0.378,-23.198835001198148
2024-09-04,16,70.26424,1.0,1.0,0.169,-54.064429991002726
2024-09-04,17,65.20107699999998,1.0,1.0,0.227,-48.45236255994455
2024-09-04,18,37.334545,0.0,1.0,0.088,-73.18425229678544
2024-09-04,19,13.983821,0.0,0.0,0.003,-88.12347778865637
2024-09-04,20,16.048072,0.0,0.0,0.0,-91.03545962284451
2024-09-04,21,55.88283800000001,1.0,1.0,0.152,-58.676444875304554
2024-09-04,22,40.917065,0.0,0.0,0.015,-103.06081534616303
2024-09-04,23,100.54719600000003,1.0,1.0,0.241,-54.932154612949105
2024-09-11,0,258.37593599999997,1.0,1.0,0.254,-80.60324938594573
2024-09-11,1,293.740525,1.0,1.0,0.337,-54.79695721142406
2024-09-11,2,309.2832200000001,1.0,1.0,0.366,-39.01668852335007
2024-09-11,3,302.25028699999996,1.0,1.0,0.362,-43.07089992647957
2024-09-11,4,264.949462,1.0,1.0,0.194,-105.16250119801765
2024-09-11,5,363.5052679999999,1.0,1.0,0.319,-57.776797806383286
2024-09-11,6,341.626581,1.0,1.0,0.152,-131.56163581751758
2024-09-11,7,436.989922,1.0,1.0,0.263,-92.03493323347425
2024-09-11,8,476.34439100000003,1.0,1.0,0.34,-68.96612817857925
2024-09-11,9,487.536223,1.0,1.0,0.365,-53.32164363713213
2024-09-11,10,339.470302,0.0,1.0,0.094,-170.46105416844176
2024-09-11,11,246.832089,0.0,0.0,0.026,-216.90063559709984
2024-09-11,12,188.995335,0.0,0.0,0.039,-187.30889557710435
2024-09-11,13,78.016952,0.0,0.0,0.005,-190.05152645196398
2024-09-11,14,30.948449999999998,0.0,0.0,0.001,-137.40433887514135
2024-09-11,15,29.810837999999997,0.0,0.0,0.035,-102.4624685598724
2024-09-11,16,23.245296000000003,0.0,0.0,0.035,-90.49428966866691
2024-09-11,17,19.784879,0.0,0.0,0.029,-81.8009804585594
2024-09-11,18,52.583705,1.0,1.0,0.252,-41.51002547078408
2024-09-11,19,54.597433,1.0,1.0,0.325,-31.915963826129563
2024-09-11,20,19.607058000000002,1.0,1.0,0.122,-60.327216317343606
2024-09-11,21,2.5130280000000003,0.0,0.0,0.005,-74.97907423092435
2024-09-11,22,0.179765,0.0,0.0,0.0,-87.04701621297801
2024-09-11,23,29.336001000000003,1.0,1.0,0.17,-60.39173655736921
2024-09-18,0,142.34932999999998,1.0,1.0,0.299,-42.92451062091439
2024-09-18,1,119.58689700000002,1.0,1.0,0.148,-84.88038183232419
2024-09-18,2,105.540527,0.0,1.0,0.061,-106.07518311870416
2024-09-18,3,143.352237,1.0,1.0,0.164,-79.9820818885064
2024-09-18,4,267.86397999999997,1.0,1.0,0.625,36.67628758233798
2024-09-18,5,217.21385399999997,1.0,1.0,0.422,-21.06912712042444
2024-09-18,6,177.58317600000004,1.0,1.0,0.231,-60.037955063361835
2024-09-18,7,110.273607,0.0,1.0,0.056,-121.89724736683829
2024-09-18,8,100.69753700000001,0.0,1.0,0.068,-111.7830000841889
2024-09-18,9,113.26131500000001,1.0,1.0,0.19,-68.15525945944363
2024-09-18,10,147.315231,1.0,1.0,0.493,-1.5856627165314308
2024-09-18,11,131.39641500000002,1.0,1.0,0.503,0.3608601195236645
2024-09-18,12,150.65021299999998,1.0,1.0,0.546,14.030177030004012
2024-09-18,13,89.64783800000001,1.0,1.0,0.319,-43.453490007588385
2024-09-18,14,19.053445,0.0,0.0,0.016,-108.62417507896977
2024-09-18,15,12.40809,0.0,0.0,0.012,-123.72037034103887
2024-09-18,16,40.484465,0.0,0.0,0.033,-107.24391921487234
2024-09-18,17,29.201584,0.0,0.0,0.019,-127.9665672460196
2024-09-18,18,35.869117,0.0,0.0,0.026,-131.61771142678572
2024-09-18,19,92.605437,1.0,1.0,0.148,-80.01029288477969
2024-09-18,20,131.723207,1.0,1.0,0.134,-61.028886330018906
2024-09-18,21,84.80307599999999,0.0,1.0,0.069,-103.7827275409437
2024-09-18,22,115.58103000000001,1.0,1.0,0.116,-83.33535303079354
2024-09-18,23,128.031658,1.0,1.0,0.145,-67.24988646600855
2024-09-25,0,1990.3587120000002,1.0,1.0,0.866,226.7462330437147
2024-09-25,1,2044.4883340000001,1.0,1.0,0.84,201.8353333326636
2024-09-25,2,2298.8013900000005,0.0,0.0,0.958,316.6171974805534
2024-09-25,3,2409.3195810000007,0.0,0.0,0.956,284.72206207605086
2024-09-25,4,2502.628310000001,0.0,0.0,0.952,282.0771060568268
2024-09-25,5,2620.188444,0.0,0.0,0.984,341.1015660263315
2024-09-25,6,2355.218441,1.0,1.0,0.724,99.50591113198607
2024-09-25,7,2140.600808,1.0,1.0,0.381,-70.65147809612245
2024-09-25,8,2135.7497980000003,1.0,1.0,0.476,-15.103860211138908
2024-09-25,9,2115.548252,1.0,1.0,0.596,43.113434555150434
2024-09-25,10,2089.8672730000003,1.0,1.0,0.767,124.83812489267075
2024-09-25,11,2167.0772819999997,0.0,0.0,0.956,279.54657937611114
2024-09-25,12,2157.9810250000005,0.0,0.0,0.958,327.98944058813936
2024-09-25,13,1969.225332,1.0,1.0,0.641,76.55783107442858
2024-09-25,14,2096.170699,1.0,1.0,0.707,127.97190374578008
2024-09-25,15,1876.644675,1.0,1.0,0.219,-204.82748258620677
2024-09-25,16,1879.3831699999996,1.0,1.0,0.268,-160.69641198451018
2024-09-25,17,1880.5585169999995,1.0,1.0,0.349,-87.3700607944952
2024-09-25,18,1834.0167420000002,1.0,1.0,0.545,27.169534175638546
2024-09-25,19,1662.0518060000002,1.0,1.0,0.396,-71.30916273613207
2024-09-25,20,1813.5791260000003,1.0,1.0,0.721,129.63017936638767
2024-09-25,21,1938.102814,1.0,1.0,0.733,142.51524479278714
2024-09-25,22,2210.0768460000004,1.0,1.0,0.894,281.5718942317335
2024-09-25,23,2078.1554570000003,1.0,1.0,0.676,110.69344624812857
2024-10-02,0,1012.3423309999998,1.0,1.0,0.296,-113.76158208694005
2024-10-02,1,1330.5393599999995,1.0,1.0,0.72,132.0408963476359
2024-10-02,2,1514.769265,1.0,1.0,0.774,178.29965450970053
2024-10-02,3,1601.192589,1.0,1.0,0.775,195.15804576377764
2024-10-02,4,1425.8368619999997,1.0,1.0,0.509,6.869040659946677
2024-10-02,5,1355.107625,1.0,1.0,0.466,-19.22433290397521
2024-10-02,6,1313.138869,1.0,1.0,0.589,59.92768975741092
2024-10-02,7,1269.692178,1.0,1.0,0.62,77.6394363358213
2024-10-02,8,1215.462886,1.0,1.0,0.513,5.26480300504295
2024-10-02,9,1263.0382579999998,1.0,1.0,0.535,18.348314375242126
2024-10-02,10,1142.0930319999998,1.0,1.0,0.257,-153.89169002772655
2024-10-02,11,1109.554949,1.0,1.0,0.248,-185.60327713753554
2024-10-02,12,1153.381207,1.0,1.0,0.297,-115.89706748688013
2024-10-02,13,862.0695479999998,0.0,1.0,0.075,-348.70752414855826
2024-10-02,14,739.5354,0.0,1.0,0.079,-325.70541706943663
2024-10-02,15,635.8620639999999,1.0,1.0,0.115,-245.0624086275567
2024-10-02,16,514.315889,1.0,1.0,0.205,-136.87891797602356
2024-10-02,17,345.24555300000003,1.0,1.0,0.164,-143.40183787426082
2024-10-02,18,198.54752999999997,0.0,0.0,0.023,-198.21639307928402
2024-10-02,19,140.254523,0.0,0.0,0.005,-227.15158601917307
2024-10-02,20,161.156468,0.0,0.0,0.017,-237.49443418455806
2024-10-02,21,221.68452000000002,0.0,1.0,0.079,-163.47906875664012
2024-10-02,22,183.675637,0.0,1.0,0.068,-158.69626474401758
2024-10-02,23,178.22020400000002,1.0,1.0,0.162,-110.64922664333227
2024-10-09,0,487.83530899999994,1.0,1.0,0.78,122.49818549721044
2024-10-09,1,563.8085760000001,1.0,1.0,0.873,201.531451027956
2024-10-09,2,733.8046530000001,0.0,0.0,0.965,390.3636714567456
2024-10-09,3,455.62464300000005,1.0,1.0,0.817,130.24949925972032
2024-10-09,4,456.7633860000001,1.0,1.0,0.815,135.4333519125717
2024-10-09,5,357.20394200000004,1.0,1.0,0.53,12.240517316585283
2024-10-09,6,328.46873000000005,1.0,1.0,0.42,-18.74834857583039
2024-10-09,7,238.993186,0.0,1.0,0.086,-144.21647512961388
2024-10-09,8,268.07133799999997,1.0,1.0,0.157,-109.4886065705548
2024-10-09,9,415.71618600000005,1.0,1.0,0.636,51.81835718530857
2024-10-09,10,403.725787,1.0,1.0,0.739,93.59523020549551
2024-10-09,11,529.9433449999999,0.0,1.0,0.921,250.79903911835925
2024-10-09,12,460.59799300000003,1.0,1.0,0.867,169.99520885042153
2024-10-09,13,307.6066870000001,1.0,1.0,0.391,-29.87028705135731
2024-10-09,14,358.738428,1.0,1.0,0.148,-129.35299279747915
2024-10-09,15,690.458277,1.0,1.0,0.367,-60.24886738986231
2024-10-09,16,1164.3398290000002,1.0,1.0,0.7,109.85326529396161
2024-10-09,17,1456.9373469999996,1.0,1.0,0.78,174.6251917819177
2024-10-09,18,1438.7512660000002,1.0,1.0,0.599,54.78213944715753
2024-10-09,19,1339.914478,1.0,1.0,0.362,-64.61499558451965
2024-10-09,20,1196.0051379999998,1.0,1.0,0.247,-142.20069139772727
2024-10-09,21,1155.6953419999998,1.0,1.0,0.177,-186.10703984881616
2024-10-09,22,1005.709007,0.0,0.0,0.05,-339.42228985274176
2024-10-09,23,1235.5618929999998,1.0,1.0,0.215,-173.961245542587
2024-10-16,0,1336.205316,1.0,1.0,0.162,-269.38295354118736
2024-10-16,1,1669.515481,1.0,1.0,0.621,88.98568683914073
2024-10-16,2,1610.409686,1.0,1.0,0.652,119.98079081653304
2024-10-16,3,1455.1906999999997,1.0,1.0,0.615,78.84699230933393
2024-10-16,4,1381.04256,1.0,1.0,0.549,34.070229800944844
2024-10-16,5,1256.8535900000002,1.0,1.0,0.263,-171.55379792587723
2024-10-16,6,1111.93789,0.0,1.0,0.074,-368.76243665561765
2024-10-16,7,1089.5539870000002,1.0,1.0,0.156,-249.62643577358403
2024-10-16,8,1282.213726,1.0,1.0,0.621,71.2663439176581
2024-10-16,9,1283.7987840000003,1.0,1.0,0.79,190.4746652616327
2024-10-16,10,1235.907121,1.0,1.0,0.718,131.52032185675193
2024-10-16,11,1321.04339,1.0,1.0,0.773,188.91290314843377
2024-10-16,12,1254.135905,1.0,1.0,0.677,96.18782814957467
2024-10-16,13,993.7205100000001,1.0,1.0,0.323,-99.7834289092832
2024-10-16,14,983.8329259999999,1.0,1.0,0.503,0.20562020357272104
2024-10-16,15,907.7337149999998,1.0,1.0,0.532,18.123081142794035
2024-10-16,16,914.5770580000003,1.0,1.0,0.64,79.51494076778727
2024-10-16,17,929.4227950000001,1.0,1.0,0.776,175.28887348290016
2024-10-16,18,946.473364,0.0,1.0,0.913,279.81863445670183
2024-10-16,19,912.8640009999999,0.0,1.0,0.94,308.965845963289
2024-10-16,20,818.3164589999999,0.0,1.0,0.9,243.01197327323848
2024-10-16,21,849.55071,0.0,1.0,0.914,249.67780200958873
2024-10-16,22,701.784609,1.0,1.0,0.8,138.92859429817827
2024-10-16,23,588.631341,1.0,1.0,0.621,46.137410214054626
2024-10-23,0,476.358441,0.0,0.0,0.013,-388.09537872931134
2024-10-23,1,930.2816169999999,1.0,1.0,0.288,-129.64988107695171
2024-10-23,2,1458.3484549999998,1.0,1.0,0.583,53.61611569685874
2024-10-23,3,1951.2006599999997,1.0,1.0,0.795,199.92628950755602
2024-10-23,4,2181.1884590000004,1.0,1.0,0.777,169.00547087330733
2024-10-23,5,2268.9645959999993,1.0,1.0,0.672,78.88907953701846
2024-10-23,6,2318.731094,1.0,1.0,0.63,65.32876770643043
2024-10-23,7,2453.4951439999995,1.0,1.0,0.776,122.88422178789551
2024-10-23,8,2511.4649360000003,1.0,1.0,0.852,177.56417861660339
2024-10-23,9,2392.1387409999998,1.0,1.0,0.709,99.975068824564
2024-10-23,10,2396.1260650000004,1.0,1.0,0.739,115.29661146590388
2024-10-23,11,2332.771729,1.0,1.0,0.642,75.90902882869295
2024-10-23,12,2369.4250670000006,1.0,1.0,0.636,64.01280501698056
2024-10-23,13,2421.8398020000004,1.0,1.0,0.818,156.81649858049832
2024-10-23,14,2267.913246,1.0,1.0,0.526,14.025501182465632
2024-10-23,15,2279.448069,1.0,1.0,0.558,29.92013968419087
2024-10-23,16,2020.5666019999996,1.0,1.0,0.221,-184.09898480951847
2024-10-23,17,2041.096438,1.0,1.0,0.364,-93.16163700396692
2024-10-23,18,2091.279798,1.0,1.0,0.439,-47.25857867435843
2024-10-23,19,2158.396624,1.0,1.0,0.554,45.58166009389697
2024-10-23,20,1705.585528,0.0,1.0,0.054,-446.0278835107597
2024-10-23,21,1653.8764070000002,0.0,0.0,0.036,-508.8062476717182
2024-10-23,22,1588.8086979999998,0.0,0.0,0.006,-633.4792008566492
2024-10-23,23,1617.175833,0.0,0.0,0.015,-589.140043848118
2024-10-30,0,2372.7991510000006,1.0,1.0,0.369,-78.44690347650112
2024-10-30,1,2670.4220650000007,0.0,1.0,0.948,248.05488487083858
2024-10-30,2,2713.700597,0.0,0.0,0.984,289.75369480156496
2024-10-30,3,2732.1206370000004,0.0,0.0,0.997,333.4657289011716
2024-10-30,4,2658.8299510000006,0.0,0.0,0.996,343.28089700019245
2024-10-30,5,2614.2178320000003,0.0,0.0,0.999,456.248282639167
2024-10-30,6,2410.393577,0.0,0.0,0.971,322.6660485864986
2024-10-30,7,2458.668757,0.0,0.0,0.997,419.9816017446892
2024-10-30,8,2425.737715,0.0,0.0,0.982,345.47160656801316
2024-10-30,9,2297.2869889999997,0.0,1.0,0.921,272.1280626947073
2024-10-30,10,2154.36709,1.0,1.0,0.646,79.44547600033411
2024-10-30,11,2089.468726,1.0,1.0,0.532,14.44174834023761
2024-10-30,12,2143.099059,1.0,1.0,0.592,55.46186433742514
2024-10-30,13,2155.7284290000002,1.0,1.0,0.717,133.45179304174167
2024-10-30,14,1937.9631959999997,1.0,1.0,0.528,16.961571334261862
2024-10-30,15,2013.0700699999998,1.0,1.0,0.802,207.8052075344781
2024-10-30,16,2067.856979,1.0,1.0,0.897,328.6206886134694
2024-10-30,17,2007.381715,1.0,1.0,0.884,298.64440264541963
2024-10-30,18,1783.479285,1.0,1.0,0.603,69.80730580241516
2024-10-30,19,1706.9427859999998,1.0,1.0,0.524,20.04950713443918
2024-10-30,20,1774.8812850000002,1.0,1.0,0.582,52.020864841176035
2024-10-30,21,1815.60402,1.0,1.0,0.567,40.71599269542048
2024-10-30,22,2040.0087800000003,1.0,1.0,0.737,161.2690467287548
2024-10-30,23,2387.0057060000004,0.0,0.0,0.972,433.52159657232505
2024-11-06,0,2616.97384,1.0,1.0,0.518,6.366200772328284
2024-11-06,1,2644.4627879999994,1.0,1.0,0.576,24.291272698524608
2024-11-06,2,2766.286936,1.0,1.0,0.883,130.85292831939432
2024-11-06,3,2763.6488889999996,1.0,1.0,0.883,128.5827042989199
2024-11-06,4,2814.832915,0.0,0.0,0.974,180.28690312257913
2024-11-06,5,2821.4695750000005,0.0,0.0,0.99,202.53271535079648
2024-11-06,6,2794.144167,0.0,0.0,0.976,168.5131711054937
2024-11-06,7,2716.7361840000003,1.0,1.0,0.854,108.37100132010437
2024-11-06,8,2713.499094,1.0,1.0,0.857,115.52334107721663
2024-11-06,9,2723.2388010000013,1.0,1.0,0.896,129.38804618815448
2024-11-06,10,2637.2059720000007,1.0,1.0,0.644,51.64206899215196
2024-11-06,11,2595.606008,1.0,1.0,0.571,29.82923309748503
2024-11-06,12,2564.378209,1.0,1.0,0.557,25.84849119408409
2024-11-06,13,2641.915273,0.0,1.0,0.904,159.61284941284384
2024-11-06,14,2578.2672410000005,1.0,1.0,0.859,148.72489101917745
2024-11-06,15,2515.5494329999997,1.0,1.0,0.862,171.3865708489161
2024-11-06,16,2364.886079,1.0,1.0,0.761,141.6600243671014
2024-11-06,17,2062.867781,1.0,1.0,0.456,-27.520742463168062
2024-11-06,18,1915.1079869999996,1.0,1.0,0.419,-51.93890633025558
2024-11-06,19,1733.2648369999997,1.0,1.0,0.283,-138.14437898442202
2024-11-06,20,1427.6043980000002,1.0,1.0,0.142,-300.5616200283546
2024-11-06,21,1235.5359089999997,1.0,1.0,0.221,-207.107292502807
2024-11-06,22,1259.58713,1.0,1.0,0.523,11.395070179774393
2024-11-06,23,1107.217494,1.0,1.0,0.483,-7.508862294015898
2024-11-13,0,868.9966830000001,1.0,1.0,0.541,20.246637787341
2024-11-13,1,754.330391,1.0,1.0,0.315,-85.91659580520741
2024-11-13,2,832.3570860000001,1.0,1.0,0.634,60.0760792680876
2024-11-13,3,655.27571,1.0,1.0,0.385,-48.136230325269366
2024-11-13,4,519.673796,1.0,1.0,0.277,-88.69784370356797
2024-11-13,5,451.1126719999999,1.0,1.0,0.301,-69.3437043010494
2024-11-13,6,431.680813,1.0,1.0,0.381,-34.55233426127563
2024-11-13,7,330.712109,1.0,1.0,0.245,-66.71115124434988
2024-11-13,8,339.60601299999996,1.0,1.0,0.363,-32.53704834879409
2024-11-13,9,288.60917700000005,1.0,1.0,0.17,-86.34464888930984
2024-11-13,10,353.75627699999995,1.0,1.0,0.296,-56.23140923913286
2024-11-13,11,385.836364,1.0,1.0,0.377,-41.14897805825876
2024-11-13,12,369.6428840000001,1.0,1.0,0.371,-32.60706986241564
2024-11-13,13,441.894505,1.0,1.0,0.728,82.93646184601317
2024-11-13,14,460.39337200000006,1.0,1.0,0.824,142.3366033718449
2024-11-13,15,385.336829,1.0,1.0,0.746,89.51420172674398
2024-11-13,16,374.42225999999994,1.0,1.0,0.773,107.26261303801294
2024-11-13,17,313.20446100000004,1.0,1.0,0.727,72.17843792908116
2024-11-13,18,275.84508300000005,1.0,1.0,0.642,41.32601390205713
2024-11-13,19,409.32737799999995,1.0,1.0,0.85,158.06956516297896
2024-11-13,20,493.554719,1.0,1.0,0.891,202.4176471344486
2024-11-13,21,584.5422430000001,1.0,1.0,0.885,228.01201459564538
2024-11-13,22,712.1461530000001,1.0,1.0,0.894,236.93113328237712
2024-11-13,23,856.364941,0.0,1.0,0.933,306.6493658345537
2024-11-20,0,414.31624400000004,1.0,1.0,0.146,-150.95646808692578
2024-11-20,1,412.335654,1.0,1.0,0.176,-128.71835058551846
2024-11-20,2,325.482259,0.0,1.0,0.063,-194.55717562681036
2024-11-20,3,319.228059,0.0,1.0,0.1,-173.02168268724148
2024-11-20,4,410.01866100000007,1.0,1.0,0.393,-41.23613658276338
2024-11-20,5,368.76227400000005,1.0,1.0,0.424,-25.375294700602808
2024-11-20,6,361.875742,1.0,1.0,0.564,23.529225468819334
2024-11-20,7,347.1724719999999,1.0,1.0,0.597,33.20527002587545
2024-11-20,8,329.03210199999995,1.0,1.0,0.563,18.68514797517372
2024-11-20,9,446.85201599999994,1.0,1.0,0.828,137.59154854652616
2024-11-20,10,371.325098,1.0,1.0,0.662,57.484551044620844
2024-11-20,11,331.933747,1.0,1.0,0.611,35.524983447593
2024-11-20,12,547.1215910000001,0.0,1.0,0.932,257.0352879664126
2024-11-20,13,343.032458,1.0,1.0,0.776,97.21110688285788
2024-11-20,14,194.41044699999998,1.0,1.0,0.363,-37.40840416282492
2024-11-20,15,147.00314000000003,1.0,1.0,0.223,-80.90032107917392
2024-11-20,16,91.372459,0.0,0.0,0.044,-141.63678142547946
2024-11-20,17,97.87288199999996,0.0,1.0,0.051,-137.1340088919572
2024-11-20,18,164.82262100000005,1.0,1.0,0.214,-84.20849261652785
2024-11-20,19,196.29012000000003,1.0,1.0,0.222,-81.92384462603988
2024-11-20,20,279.545683,1.0,1.0,0.204,-104.30772168821557
2024-11-20,21,454.96199999999993,1.0,1.0,0.339,-67.31116029947526
2024-11-20,22,601.364569,1.0,1.0,0.205,-172.8854612982833
2024-11-20,23,994.5809519999999,1.0,1.0,0.678,105.5451890724272
2024-11-27,0,2654.259629000001,0.0,1.0,0.925,230.84517359431266
2024-11-27,1,2401.9471589999994,1.0,1.0,0.526,14.91030400742875
2024-11-27,2,2589.5605009999995,0.0,1.0,0.946,283.2847993552805
2024-11-27,3,2546.0652769999997,0.0,1.0,0.943,297.4013710202739
2024-11-27,4,2265.918871,1.0,1.0,0.447,-27.29031154395716
2024-11-27,5,2043.2543740000003,0.0,1.0,0.093,-335.00388537639424
2024-11-27,6,2134.1845090000006,1.0,1.0,0.113,-297.6720093050685
2024-11-27,7,2261.8056639999995,1.0,1.0,0.217,-155.76485309688633
2024-11-27,8,2218.0421970000007,1.0,1.0,0.191,-166.8840898112312
2024-11-27,9,2182.890998,1.0,1.0,0.262,-124.10577500572435
2024-11-27,10,2059.421416,1.0,1.0,0.317,-89.82326739958808
2024-11-27,11,1888.5666129999997,1.0,1.0,0.461,-27.56735689910238
2024-11-27,12,1783.3192410000001,1.0,1.0,0.703,112.00172912952576
2024-11-27,13,1473.3852340000003,1.0,1.0,0.353,-90.60357919128546
2024-11-27,14,1446.1696229999998,1.0,1.0,0.349,-109.34204777567652
2024-11-27,15,1579.9447940000002,1.0,1.0,0.494,-3.4778751869991993
2024-11-27,16,1633.330181,1.0,1.0,0.612,71.72483208638346
2024-11-27,17,1699.4768860000001,1.0,1.0,0.752,149.5420916503167
2024-11-27,18,1464.647924,1.0,1.0,0.451,-32.0189166851394
2024-11-27,19,1616.6693589999995,1.0,1.0,0.87,286.0919935576894
2024-11-27,20,1313.079176,1.0,1.0,0.786,185.3788765214358
2024-11-27,21,1050.442403,1.0,1.0,0.757,146.1145977749061
2024-11-27,22,615.3631110000001,1.0,1.0,0.139,-192.60588299788378
2024-11-27,23,513.1179860000002,0.0,1.0,0.084,-249.09746786475694
2024-12-04,0,513.594278,1.0,1.0,0.419,-28.39610179812246
2024-12-04,1,483.33922400000006,1.0,1.0,0.354,-54.187027389219224
2024-12-04,2,700.4085289999999,1.0,1.0,0.794,129.5673467769492
2024-12-04,3,742.658695,1.0,1.0,0.623,58.287795001728114
2024-12-04,4,697.8696930000001,1.0,1.0,0.122,-205.15179511820975
2024-12-04,5,1005.6269159999997,1.0,1.0,0.375,-61.87039344549294
2024-12-04,6,1205.5644989999998,1.0,1.0,0.461,-17.90431226891633
2024-12-04,7,1519.7544040000002,1.0,1.0,0.772,184.05740140458965
2024-12-04,8,1508.6397530000002,1.0,1.0,0.352,-92.77981014740203
2024-12-04,9,1811.1620209999999,1.0,1.0,0.397,-52.45680777286884
2024-12-04,10,1936.8756700000004,1.0,1.0,0.295,-119.3872145973055
2024-12-04,11,2206.840238,1.0,1.0,0.608,56.592926254891154
2024-12-04,12,2317.174826,1.0,1.0,0.737,107.84336643875668
2024-12-04,13,2280.986481,1.0,1.0,0.591,41.02601343059814
2024-12-04,14,2087.119935,1.0,1.0,0.304,-116.61571400183448
2024-12-04,15,2170.9253920000006,1.0,1.0,0.564,35.41735117178678
2024-12-04,16,2436.103092,0.0,0.0,0.953,314.91503767505264
2024-12-04,17,2309.208577000001,1.0,1.0,0.834,187.83188907091835
2024-12-04,18,2316.386915,1.0,1.0,0.803,135.05505656694822
2024-12-04,19,2401.14592,1.0,1.0,0.886,179.85003499897994
2024-12-04,20,2584.966367,0.0,1.0,0.942,239.7705265975992
2024-12-04,21,2690.853444,0.0,0.0,0.96,270.4697521060575
2024-12-04,22,2777.2038650000004,0.0,0.0,0.969,245.59582408188726
2024-12-04,23,2771.236652,0.0,1.0,0.947,208.48987762156548
2024-12-11,0,2133.1044970000003,1.0,1.0,0.841,184.4639303682818
2024-12-11,1,2091.7550470000006,1.0,1.0,0.707,103.48892908159587
2024-12-11,2,2098.6272620000004,1.0,1.0,0.638,71.2386255498568
2024-12-11,3,1985.3943369999995,1.0,1.0,0.385,-66.46346357561129
2024-12-11,4,1983.180343,1.0,1.0,0.594,49.39551398363619
2024-12-11,5,1935.376559,1.0,1.0,0.85,164.7412077005181
2024-12-11,6,1795.325912,1.0,1.0,0.768,120.70699844762134
2024-12-11,7,1690.2152150000002,1.0,1.0,0.68,82.25596438775347
2024-12-11,8,1639.8554530000001,1.0,1.0,0.737,116.36380846842712
2024-12-11,9,1422.344615,1.0,1.0,0.548,22.0801395576259
2024-12-11,10,1355.9181660000004,1.0,1.0,0.739,140.56649654492549
2024-12-11,11,1092.6046390000001,1.0,1.0,0.505,2.7710816988392253
2024-12-11,12,1488.9738459999999,0.0,0.0,0.994,579.0510320950468
2024-12-11,13,1321.8657820000003,0.0,0.0,0.994,560.3401513999436
2024-12-11,14,789.6779459999999,1.0,1.0,0.789,131.96306834130712
2024-12-11,15,545.004644,1.0,1.0,0.254,-96.4349978346969
2024-12-11,16,597.0848970000001,1.0,1.0,0.226,-111.02317822191264
2024-12-11,17,802.1775090000001,1.0,1.0,0.505,2.770289012251169
2024-12-11,18,889.1584190000001,1.0,1.0,0.357,-75.44734958301069
2024-12-11,19,985.8390689999999,1.0,1.0,0.214,-156.8347975011086
2024-12-11,20,1128.7512820000002,0.0,1.0,0.09,-298.15700157417405
2024-12-11,21,1630.78939,1.0,1.0,0.482,-9.7976850941659
2024-12-11,22,1795.7751529999996,1.0,1.0,0.352,-73.53710507769165
2024-12-11,23,2170.1829080000007,0.0,0.0,0.976,280.2423452712833
2024-12-18,0,1922.1468629999997,0.0,1.0,0.929,321.8502460981042
2024-12-18,1,1808.6971680000004,0.0,1.0,0.9,264.4697864707998
2024-12-18,2,1463.3940379999997,1.0,1.0,0.624,80.94165838518006
2024-12-18,3,1207.962207,1.0,1.0,0.479,-9.203234554642677
2024-12-18,4,1022.1861289999999,1.0,1.0,0.47,-13.618868664435013
2024-12-18,5,1012.69254,1.0,1.0,0.641,72.71267043417265
2024-12-18,6,733.2076450000001,1.0,1.0,0.221,-142.54380671706258
2024-12-18,7,627.6392479999998,1.0,1.0,0.153,-216.23049345690663
2024-12-18,8,539.266537,0.0,1.0,0.064,-286.5143625604403
2024-12-18,9,570.833562,1.0,1.0,0.151,-204.86181375607168
2024-12-18,10,491.1604540000001,1.0,1.0,0.104,-213.47289434944025
2024-12-18,11,601.0835449999998,1.0,1.0,0.474,-15.196332714571554
2024-12-18,12,435.5001580000001,1.0,1.0,0.245,-104.54583152187905
2024-12-18,13,407.761149,1.0,1.0,0.33,-60.78125644410585
2024-12-18,14,305.79211900000007,1.0,1.0,0.204,-114.1970509197564
2024-12-18,15,281.527131,1.0,1.0,0.231,-88.22446167449999
2024-12-18,16,152.40608299999997,0.0,0.0,0.04,-181.63416824937656
2024-12-18,17,89.17951199999999,0.0,0.0,0.009,-212.19664892305735
2024-12-18,18,145.72982499999998,0.0,1.0,0.082,-140.68426303344862
2024-12-18,19,205.665897,1.0,1.0,0.26,-76.01914647643261
2024-12-18,20,279.666089,1.0,1.0,0.561,23.41970222511611
2024-12-18,21,261.096714,1.0,1.0,0.6,31.221124655480196
2024-12-18,22,302.622586,1.0,1.0,0.733,78.0125412814333
2024-12-18,23,298.752904,1.0,1.0,0.699,62.379604707046894
2024-12-25,0,328.349898,1.0,1.0,0.699,70.21978316460178
2024-12-25,1,215.790413,1.0,1.0,0.319,-39.255423616052866
2024-12-25,2,208.861683,1.0,1.0,0.393,-27.710266764316174
2024-12-25,3,259.96536199999997,1.0,1.0,0.637,40.42473548052175
2024-12-25,4,158.95522899999997,1.0,1.0,0.318,-36.59570486064973
2024-12-25,5,90.096933,1.0,1.0,0.134,-82.69565537418598
2024-12-25,6,157.25432899999998,1.0,1.0,0.478,-5.42951751098758
2024-12-25,7,108.168409,1.0,1.0,0.323,-37.20125830641706
2024-12-25,8,79.708594,1.0,1.0,0.196,-61.44042969449117
2024-12-25,9,121.039578,1.0,1.0,0.417,-20.40097873931464
2024-12-25,10,81.833596,1.0,1.0,0.19,-64.26034140839255
2024-12-25,11,118.62873300000001,1.0,1.0,0.421,-17.312207459195577
2024-12-25,12,120.51425300000001,1.0,1.0,0.413,-21.149543629997694
2024-12-25,13,83.79386,1.0,1.0,0.252,-53.05876219289803
2024-12-25,14,67.506707,1.0,1.0,0.18,-61.98931148938897
2024-12-25,15,70.043252,1.0,1.0,0.27,-51.236796114637116
2024-12-25,16,28.963446,0.0,1.0,0.053,-85.48997212544512
2024-12-25,17,14.193292,0.0,0.0,0.01,-89.86212367035716
2024-12-25,18,27.086341,0.0,1.0,0.058,-84.38169093376227
2024-12-25,19,41.883652,1.0,1.0,0.138,-67.19747884118476
2024-12-25,20,35.920134000000004,0.0,1.0,0.1,-72.97354219188473
2024-12-25,21,48.550180999999995,1.0,1.0,0.143,-66.73541076379566
2024-12-25,22,29.634171,0.0,0.0,0.022,-89.10471387401581
2024-12-25,23,18.075278,0.0,0.0,0.0,-108.26680367810567
