zone,site_id,n_obs,cap_mw,cov_50,cov_80,cov_90,mean_crps,mean_bias,crps_pct_cap,name
A,wind_323596,1248,20.0,0.46634615384615385,0.7932692307692307,0.9166666666666666,1.680111290167707,0.009375876040664291,8.400556450838536,"Niagara Wind Power, LLC Steel Wind"
A,wind_323608,1248,100.5,0.5360576923076923,0.8397435897435898,0.9286858974358975,6.100503236995546,1.124201561487101,6.070152474622434,"Valcour Bliss Windpark, LLC Bliss Wind Power"
A,wind_323693,1248,15.0,0.44871794871794873,0.7964743589743589,0.9182692307692307,1.2714410177090656,-0.0364350465841057,8.476273451393771,"Erie Wind, LLC Erie Wind"
A,wind_323751,1248,78.4,0.5144230769230769,0.8253205128205128,0.9310897435897436,6.248890377402553,0.875822700337192,7.97052344056448,Arkwright Summit Wind Farm LLC Arkwright Summit Wind Farm
A,wind_323784,1248,126.5,0.43349358974358976,0.65625,0.8373397435897436,7.852964599235157,1.551026092731031,6.207877153545578,"Cassadaga Wind, LLC Cassadaga Wind"
A,wind_323825,1248,107.5,0.4551282051282051,0.6907051282051282,0.7475961538461539,8.757385801232257,0.9549817566076684,8.146405396495123,"Ball Hill Wind Energy, LLC Ball Hill Wind"
C,wind_24204,1248,30.0,0.5480769230769231,0.8509615384615384,0.936698717948718,1.8754176179594504,-0.32603363839431365,6.251392059864835,Canastota Windpower LLC Fenner Wind Power
C,wind_323617,1248,125.0,0.5216346153846154,0.8229166666666666,0.938301282051282,7.945027169152079,0.7703531843482689,6.356021735321663,"Canandaigua Power Partners, LLC Canandaigua Wind Power"
C,wind_323625,1248,118.1,0.5256410256410257,0.8389423076923077,0.9278846153846154,7.294693108451843,0.9029249273624805,6.176708813253042,Sheldon Energy LLC High Sheldon Wind Farm
C,wind_323626,1248,126.0,0.5216346153846154,0.842948717948718,0.9399038461538461,7.568956897471753,0.8362328713945073,6.0071086487871055,"Valcour Wethersfield Windpark, LLC Wethersfield Wind Power"
C,wind_323690,1248,55.4,0.5368589743589743,0.8669871794871795,0.9551282051282052,2.9380778750664693,0.2331448596116618,5.303389666184963,Howard Wind LLC Howard Wind
C,wind_323706,1248,93.9,0.48157051282051283,0.8285256410256411,0.9407051282051282,6.9973432546205805,-0.000751891370224739,7.45190974932969,Stony Creek Energy LLC Orangeville Wind Farm
C,wind_323713,1248,16.2,0.5056089743589743,0.8421474358974359,0.9415064102564102,1.2045025931157347,-0.1293798672035654,7.435201192072437,Marsh Hill Energy LLC Marsh Hill Wind Farm
C,wind_323820,1248,111.2,0.5272435897435898,0.7628205128205128,0.8181089743589743,7.830384545989755,0.6788785429176986,7.041712721213808,"NextEra Energy Marketing, LLC Eight Point Wind"
C,wind_323822,1248,130.0,0.47676282051282054,0.7267628205128205,0.782051282051282,9.421699969142875,-0.8058007482039701,7.2474615147252885,"Baron Winds, LLC Baron Winds"
D,wind_323604,1248,81.0,0.5184294871794872,0.8253205128205128,0.9142628205128205,5.922339549451669,1.411055063172892,7.311530307965024,"Valcour Ellenburg Windapark,LLC Ellenburg Wind Power"
D,wind_323605,1224,100.5,0.511437908496732,0.8251633986928104,0.9191176470588235,6.834412371010787,1.7218717534999415,6.800410319413719,"Valcour Clinton Windpark,LLC Clinton Wind Power"
D,wind_323606,1248,97.5,0.5176282051282052,0.8325320512820513,0.9342948717948718,7.16886195640443,3.2402706540954567,7.3526789296455695,"Valcour Altona Windpark, LLC Altona Wind Power"
D,wind_323614,1224,106.5,0.5228758169934641,0.8259803921568627,0.9215686274509803,7.214926971346642,1.7389090866581995,6.7745793158184435,"Valcour  Chateaugay Windpark, LLC Chateaugay Wind Power"
D,wind_323696,1248,215.2,0.5096153846153846,0.8373397435897436,0.9302884615384616,15.07020621267051,4.29087697362488,7.002883927820869,Marble River LLC Marble River Wind
D,wind_323719,1248,77.7,0.5200320512820513,0.84375,0.9391025641025641,6.217615683379601,0.34607727383544934,8.002079386588933,Jericho Rise Wind Farm LLC Jericho Rise Wind Farm
E,wind_24146,1248,11.6,0.5448717948717948,0.8461538461538461,0.9447115384615384,0.5417826044011321,0.08569046750683929,4.670539693113208,"Madison Windpower, LLC Madison Wind Power"
E,wind_323574,1248,231.0,0.5192307692307693,0.8301282051282052,0.938301282051282,15.815424740764598,-1.0228270579161525,6.846504216781211,"Flat Rock Windpower, LLC Maple Ridge Wind 1"
E,wind_323609,1248,34.5,0.5328525641025641,0.8565705128205128,0.9423076923076923,2.057123580458403,0.4376367404090412,5.962677044806965,"Munnsville Wind Farm, LLC Munnsville Wind Power"
E,wind_323611,1248,90.8,0.5200320512820513,0.8301282051282052,0.938301282051282,6.216617226749867,-0.4022610598512776,6.846494743116593,"Flat Rock Windpower II, LLC Maple Ridge Wind 2"
E,wind_323673,1248,74.0,0.5160256410256411,0.8493589743589743,0.938301282051282,4.333091567191415,0.7716173707649256,5.855529144853264,Hardscrabble Wind Power LLC Hardscrabble Wind
E,wind_323753,1248,79.9,0.5064102564102564,0.8357371794871795,0.9439102564102564,6.702525242149368,0.5335381987242354,8.388642355631248,Galt Power Inc. Copenhagen Wind Farm
E,wind_323790,1248,79.7,0.4270833333333333,0.6939102564102564,0.8669871794871795,5.69960931775783,0.07181405501535654,7.151329131440188,Avangrid Renewables LLC Roaring Brook Wind
E,wind_323818,1248,103.9,0.4326923076923077,0.6947115384615384,0.7716346153846154,8.6542223264195,1.205351488133707,8.32937663755486,Number Three Wind LLC Number Three Wind Power
E,wind_323821,1248,111.8,0.4775641025641026,0.6754807692307693,0.7443910256410257,7.395490446467968,1.1590522398784928,6.614928842994605,"Bluestone Wind, LLC BlueStone Wind"
K,wind_323839,1248,136.0,0.3918269230769231,0.6899038461538461,0.8028846153846154,13.71046429917491,1.5368865016372217,10.081223749393317,Long Island Power Authority South Fork Wind
