GEN,UnitOnT0State,PowerGeneratedT0
NYISO_Arthur_Kill_ST_2_B82,12,349.0
NYISO_Arthur_Kill_ST_3_B82,85,539.0
NYISO_Allegany_B62,165,66.0
NYISO_Brooklyn_Navy_Yard_B82,8,240.0
NYISO_Astoria_3_B82,-169,0.0
NYISO_Astoria_5_B82,-48,0.0
NYISO_Wading_River_1_B80,-163,0.0
NYISO_Bowline_1_B77,-169,0.0
NYISO_Ravenswood_ST_01_B82,-169,0.0
NYISO_Ravenswood_ST_02_B82,-169,0.0
NYISO_Ravenswood_ST_03_B82,-169,0.0
NYISO_Somerset_B56,151,731.0
NYISO_Barrett_ST_01_B79,10,209.0
NYISO_Barrett_ST_02_B79,11,201.0
NYISO_Wading_River_2_B80,-164,0.0
NYISO_Northport_1_B80,11,410.0
NYISO_Northport_2_B80,8,410.0
NYISO_Northport_3_B80,11,411.0
NYISO_Port_Jefferson_3_B80,-169,0.0
NYISO_Greenidge_4_B65,-169,0.0
NYISO_Cayuga_1_B65,10,166.0
NYISO_Danskammer_1_B77,-169,0.0
NYISO_Roseton_1_B77,-169,0.0
NYISO_Roseton_2_B77,-169,0.0
NYISO_Danskammer_2_B77,-169,0.0
NYISO_Danskammer_3_B77,-169,0.0
NYISO_Danskammer_4_B77,-21,0.0
NYISO_Bowline_2_B77,-169,0.0
NYISO_Wading_River_3_B80,-163,0.0
NYISO_Oswego_5_B50,-169,0.0
NYISO_Oswego_6_B50,-169,0.0
NYISO_Port_Jefferson_4_B80,-169,0.0
NYISO_Hillburn_GT_B77,168,37.0
NYISO_Northport_4_B80,11,413.0
NYISO_Athens_1_B42,11,390.0
NYISO_Athens_2_B42,35,378.0
NYISO_Athens_3_B42,10,392.0
NYISO_Glenwood_GT_02_B79,-28,0.0
NYISO_Glenwood_GT_03_B79,-164,0.0
NYISO_Holtsville_01_B80,-164,0.0
NYISO_Holtsville_02_B80,-164,0.0
NYISO_Holtsville_03_B80,-164,0.0
NYISO_Holtsville_04_B80,-164,0.0
NYISO_Holtsville_05_B80,-164,0.0
NYISO_Holtsville_06_B80,-164,0.0
NYISO_Holtsville_07_B80,-164,0.0
NYISO_Holtsville_08_B80,-164,0.0
NYISO_Holtsville_09_B80,-164,0.0
NYISO_Holtsville_10_B80,-164,0.0
NYISO_Barrett_GT_01_B79,5,22.0
NYISO_Barrett_GT_02_B79,7,22.0
NYISO_Barrett_03_B79,7,24.0
NYISO_Barrett_04_B79,7,24.0
NYISO_Barrett_05_B79,7,22.0
NYISO_Barrett_06_B79,7,22.0
NYISO_Barrett_08_B79,7,23.0
NYISO_West_Babylon_4_B79,-164,0.0
NYISO_Indeck-Silver_Springs_B65,-169,0.0
NYISO_Sterling_B45,-169,0.0
NYISO_Indeck-Yerkes_B57,-169,0.0
NYISO_Indeck-Oswego_B50,-169,0.0
NYISO_Lockport_B56,-169,0.0
NYISO_Saranac_Energy_B48,10,268.0
NYISO_Flynn_B80,8,111.0
NYISO_Rensselaer_B42,-169,0.0
NYISO_Selkirk-II_B42,-169,0.0
NYISO_Greenport_GT1_B80,168,30.75
NYISO_Far_Rockaway_GT2_B79,168,23.5
NYISO_KIAC_JFK_GT1_B82,13,65.0
NYISO_KIAC_JFK_GT2_B82,13,71.0
NYISO_Freeport_CT_2_B79,168,51.0
NYISO_Bethpage_B79,13,61.0
NYISO_Castleton_Energy_Center_B42,-169,0.0
NYISO_Independence_B50,110,1218.0
NYISO_Indeck-Olean_B61,10,84.0
NYISO_Beaver_Falls_B47,36,98.0
NYISO_Syracuse_B51,86,102.0
NYISO_Batavia_B62,-169,0.0
NYISO_Fortistar_-_N.Tonawanda_B57,-169,0.0
NYISO_Carr_St.-E._Syr_B51,-169,0.0
NYISO_Astoria_2_B82,9,153.0
NYISO_Kent_B82,168,49.0
NYISO_Pouch_B82,168,48.0
NYISO_Gowanus_5_B82,168,44.0
NYISO_Gowanus_6_B82,168,43.0
NYISO_Hellgate_1_B82,168,43.0
NYISO_Hellgate_2_B82,168,43.0
NYISO_Harlem_River_1_B82,168,43.0
NYISO_Harlem_River_2_B82,168,43.0
NYISO_Vernon_Blvd_2_B82,168,43.0
NYISO_Vernon_Blvd_3_B82,168,42.0
NYISO_Brentwood_B80,168,49.0
NYISO_Port_Jefferson_GT_02_B80,168,48.0
NYISO_Port_Jefferson_GT_03_B80,168,49.0
NYISO_Far_Rockaway_GT1_B79,168,60.0
NYISO_Pilgrim_GT1_B80,168,47.0
NYISO_Pilgrim_GT2_B80,168,48.0
NYISO_Glenwood_GT_04_B79,134,49.0
NYISO_Glenwood_GT_05_B79,168,50.0
NYISO_East_River_1_B82,12,223.0
NYISO_East_River_2_B82,12,227.0
NYISO_Pinelawn_Power_1_B79,165,81.0
NYISO_Bethpage_3_B79,13,83.0
NYISO_Astoria_CC_1_B82,165,318.0
NYISO_Astoria_CC_2_B82,165,320.0
NYISO_Bethlehem_Energy_Center_B42,-169,0.0
NYISO_Astoria_East_Energy_-_CC1_B82,165,313.0
NYISO_Bethpage_GT4_B79,168,49.0
NYISO_Caithness_CC_1_B80,13,373.0
NYISO_EMPIRE_CC_1_B42,11,327.0
NYISO_EMPIRE_CC_2_B42,11,327.0
NYISO_Astoria_Energy_2_-_CC3_B82,110,313.0
NYISO_Astoria_Energy_2_-_CC4_B82,109,313.0
NYISO_Nassau_Energy_Corporation_B79,10,53.0
NYISO_CPV_VALLEY___CC1_B77,12,361.0
NYISO_CPV_VALLEY___CC2_B77,12,362.0
NYISO_Jamestown_7_B60,-164,0.0
NYISO_Indeck-Corinth_B42,-169,0.0
NYISO_Stony_Brook___(BTM:NG)_B80,7,46.0
NYISO_Ravenswood_CC_04_B82,38,286.0
NYISO_Astoria_East_Energy_-_CC2_B82,165,313.0
NYISO_Shoemaker_GT_B77,55,37.0
NYISO_Freeport_CT_1_B79,168,50.0
NYISO_Selkirk-I_B42,96,143.0
NYISO_Carthage_Energy_B47,158,61.0
NYISO_Massena_B48,137,55.0
NYISO_Astoria_GT_2-1_B82,168,0.0
NYISO_Astoria_GT_2-2_B82,168,44.0
NYISO_Astoria_GT_2-3_B82,168,44.0
NYISO_Astoria_GT_2-4_B82,37,40.0
NYISO_Astoria_GT_3-1_B82,31,40.0
NYISO_Astoria_GT_3-2_B82,168,44.0
NYISO_Astoria_GT_3-3_B82,-99,0.0
NYISO_Astoria_GT_3-4_B82,44,0.0
NYISO_Astoria_GT_4-1_B82,-98,0.0
NYISO_Astoria_GT_4-2_B82,-99,0.0
NYISO_Astoria_GT_4-3_B82,168,44.0
NYISO_Astoria_GT_4-4_B82,38,42.0
NYISO_Shoreham_GT3_B80,-154,0.0
NYISO_Shoreham_GT4_B80,168,49.0
NYISO_59_St.__GT_1_B82,-153,0.0
NYISO_74_St.__GT_1_B82,-154,0.0
NYISO_74_St.__GT_2_B82,-154,0.0
NYISO_Allied_Frozen_Storage_B55,-163,0.0
NYISO_Arthur_Kill_Cogen_B82,168,11.1
NYISO_Arthur_Kill_GT_1_B82,168,20.0
NYISO_Astoria_GT_01_B82,168,16.0
NYISO_Barrett_09_B79,168,41.8
NYISO_Barrett_10_B79,168,41.8
NYISO_Barrett_11_B79,168,41.8
NYISO_Barrett_12_B79,168,41.8
NYISO_Binghamton_(RET_-_1/9/18)_B71,163,47.7
NYISO_Burrstone_Engy_Center_LLC_LU_B45,-163,0.0
NYISO_Burrstone_Engy_Center_LLC_U_B45,-163,0.0
NYISO_Charles_P_Keller_09_B79,-163,0.0
NYISO_Charles_P_Keller_10_B79,-163,0.0
NYISO_Charles_P_Keller_11_B79,-163,0.0
NYISO_Charles_P_Keller_14_B79,-163,0.0
NYISO_Coxsackie_GT_B39,-154,0.0
NYISO_East_Hampton_2_B80,-163,0.0
NYISO_East_Hampton_3_B80,-163,0.0
NYISO_East_Hampton_4_B80,-163,0.0
NYISO_East_Hampton_GT_01_B80,-163,0.0
NYISO_Freeport_1-4_B79,-163,0.0
NYISO_Freeport_2-3_B79,-154,0.0
NYISO_General_Mills_Inc_B57,168,3.8
NYISO_Gowanus_1-1_B82,168,20.0
NYISO_Gowanus_1-2_B82,168,0.0
NYISO_Gowanus_1-3_B82,168,0.0
NYISO_Gowanus_1-4_B82,168,0.0
NYISO_Gowanus_1-5_B82,168,0.0
NYISO_Gowanus_1-6_B82,168,0.0
NYISO_Gowanus_1-7_B82,168,0.0
NYISO_Gowanus_2-1_B82,168,0.0
NYISO_Gowanus_2-2_B82,168,0.0
NYISO_Gowanus_2-3_B82,168,0.0
NYISO_Gowanus_2-4_B82,168,0.0
NYISO_Gowanus_2-5_B82,168,0.0
NYISO_Gowanus_2-6_B82,168,0.0
NYISO_Gowanus_2-7_B82,168,0.0
NYISO_Gowanus_2-8_B82,168,0.0
NYISO_Gowanus_3-1_B82,168,0.0
NYISO_Gowanus_3-2_B82,168,0.0
NYISO_Gowanus_3-3_B82,168,0.0
NYISO_Gowanus_3-4_B82,168,0.0
NYISO_Gowanus_3-5_B82,168,0.0
NYISO_Gowanus_3-6_B82,168,0.0
NYISO_Gowanus_3-7_B82,168,0.0
NYISO_Gowanus_3-8_B82,168,0.0
NYISO_Gowanus_4-1_B82,168,0.0
NYISO_Gowanus_4-2_B82,168,0.0
NYISO_Gowanus_4-3_B82,168,0.0
NYISO_Gowanus_4-4_B82,168,0.0
NYISO_Gowanus_4-5_B82,168,0.0
NYISO_Gowanus_4-6_B82,168,0.0
NYISO_Gowanus_4-8_B82,168,0.0
NYISO_Hudson_Ave_3_B82,168,16.3
NYISO_Hudson_Ave_4_B82,168,16.3
NYISO_Hudson_Ave_5_B82,168,16.3
NYISO_Jamestown_5_B60,-169,0.0
NYISO_Jamestown_6_B60,-169,0.0
NYISO_Narrows_1-1_B82,168,22.0
NYISO_Narrows_1-2_B82,168,0.0
NYISO_Narrows_1-3_B82,168,0.0
NYISO_Narrows_1-4_B82,168,0.0
NYISO_Narrows_1-5_B82,168,0.0
NYISO_Narrows_1-6_B82,168,0.0
NYISO_Narrows_1-7_B82,168,0.0
NYISO_Narrows_1-8_B82,168,0.0
NYISO_Narrows_2-1_B82,168,0.0
NYISO_Narrows_2-2_B82,168,0.0
NYISO_Narrows_2-3_B82,168,0.0
NYISO_Narrows_2-4_B82,168,0.0
NYISO_Narrows_2-5_B82,168,0.0
NYISO_Narrows_2-6_B82,168,22.0
NYISO_Narrows_2-7_B82,168,22.0
NYISO_Narrows_2-8_B82,168,22.0
NYISO_Northport_GT_B80,168,1.3
NYISO_Ravenswood_01_B82,168,18.6
NYISO_Ravenswood_10_B82,-163,0.0
NYISO_Ravenswood_11_B82,-163,0.0
NYISO_S_Hampton_1_B80,168,0.0
NYISO_Shoreham_1_B80,168,0.0
NYISO_Shoreham_2_B80,-163,0.0
NYISO_South_Cairo_B39,-154,0.0
NYISO_Southold_1_B80,168,14.0
NYISO_St._Elizabeth_Medical_Center_B45,-163,0.0
NYISO_FitzPatrick_B50,1167,854.5
NYISO_Nine_Mile_Point_1_B50,1167,629.0
NYISO_Nine_Mile_Point_2_B50,1167,1299.0
NYISO_Indian_Point_2_B74,1167,1025.9
NYISO_Indian_Point_3_B74,1167,1039.9
NYISO_Ginna_B53,1167,581.7
NYISO_Niagara_B55,1167,2460.0
NYISO_St._Lawrence_B48,1167,856.0
NYISO_PJM_import_B75,1167,1351.5
NYISO_PJM_import_B81,1167,874.5
NYISO_PJM_import_B66,1167,424.0
NYISO_HQ_import_B48,1167,845.0
NYISO_HQ_import_B54,1167,845.0
NYISO_NE_import_B37,1167,189.0
NYISO_NE_import_B73,1167,111.0
NYISO_IESO_import_B54,1167,1148.1
NYISO_IESO_import_B48,158,141.9
