facility,hours_7y,mean_cost,total_cost,status,branch_uid,cur_rating,n1,n2,kv,kv1,kv2,hits1,hits2,bus1,bus2
CENTRAL EAST - VC,28169,32.06,902970.0,interface_constraint,,,,,,,,,,,
DUNWODIE 345 SHORE_RD 345 1,27367,7.98,218309.0,matched,LTP_K_Y50_SHR_DUN,1300.0,DUNWODIE,SHORE_RD,345.0,,,,,,
FRESHKLS 138 WILLWBRK 138 1,16183,9.47,153270.0,unmatched_name,,,FRESHKLS,WILLWBRK,,138.0,138.0,0.0,1.0,,
SCH - NE - NY,14991,-8.25,-123734.0,interface_constraint,,,,,,,,,,,
SCH - NPX_1385,13403,5.37,71951.0,interface_constraint,,,,,,,,,,,
SPRNBRK  345 EGRDNCTR 345 1,13062,5.36,69981.0,matched,LTP_K_Y49_EGC_SPR,1300.0,SPRNBRK,EGRDNCTR,345.0,,,,,,
E179THST 138 HELLGATE 138 1,12980,5.24,67988.0,missing_branch,,,E179THST,HELLGATE,138.0,,,,,10120.0,10125.0
RAINEY   138 VERNON   138 1,12302,3.11,38211.0,unmatched_name,,,RAINEY,VERNON,,138.0,138.0,0.0,1.0,,
EGRDNCTY 138 VALLYSTR 138 1,11629,14.18,164952.0,unmatched_name,,,EGRDNCTY,VALLYSTR,,138.0,138.0,0.0,1.0,,
GREENWD  138 VERNON   138 1,9909,-32.42,-321268.0,missing_branch,,,GREENWD,VERNON,138.0,,,,,10124.0,10134.0
ADIRNDCK 230 MOSES    230 1,6760,-31.29,-211507.0,unmatched_name,,,ADIRNDCK,MOSES,,230.0,230.0,0.0,0.0,,
NIAGB130 115 PACKARD  115 1,5286,-106.4,-562435.0,unmatched_name,,,NIAGB130,PACKARD,,115.0,115.0,0.0,0.0,,
SCH - PJ - NY,5207,15.12,78709.0,interface_constraint,,,,,,,,,,,
GOWANUS  138 GREENWD  138 1,4914,10.26,50425.0,unmatched_name,,,GOWANUS,GREENWD,,138.0,138.0,0.0,1.0,,
ASTANNEX 138 ASTORIAE 138 1,4751,12.93,61438.0,unmatched_name,,,ASTANNEX,ASTORIAE,,138.0,138.0,0.0,0.0,,
SCH - OH - NY,4376,5.6,24519.0,interface_constraint,,,,,,,,,,,
NIAGARA  230 PACKARD  230 1,4306,14.46,62270.0,unmatched_name,,,NIAGARA,PACKARD,,230.0,230.0,0.0,1.0,,
BUFALO78 115 HUNTLEY  115 1,4261,14.84,63235.0,unmatched_name,,,BUFALO78,HUNTLEY,,115.0,115.0,2.0,0.0,,
SCRIBA   345 VOLNEY   345 1,3769,27.57,103919.0,matched,L224_227,999999.0,SCRIBA,VOLNEY,345.0,,,,,,
NIAGARA  115 NIAGARA  230 1,3731,-8.92,-33294.0,unmatched_name,,,NIAGARA,NIAGARA,,115.0,230.0,0.0,0.0,,
CRICKVLY 345 PLSNTVLY 345 1,3646,13.06,47624.0,matched,L58_426,999999.0,CRICKVLY,PLSNTVLY,345.0,,,,,,
EGRDNCTY 138 NEWBRDGE 138 1,3628,10.34,37519.0,unmatched_name,,,EGRDNCTY,NEWBRDGE,,138.0,138.0,0.0,0.0,,
ASTANNEX 345 E13THSTA 345 1,3573,2.06,7374.0,unmatched_name,,,ASTANNEX,E13THSTA,,345.0,345.0,1.0,0.0,,
SHORE_RD 345 SHORE_RD 138 1,3347,10.52,35225.0,unmatched_name,,,SHORE_RD,SHORE_RD,,345.0,138.0,1.0,0.0,,
ELWOOD    69 PULASKLI  69 1,3275,130.4,427045.0,unmatched_name,,,ELWOOD,PULASKLI,,69.0,69.0,0.0,0.0,,
SCH - HQ - NY,3263,5.42,17693.0,interface_constraint,,,,,,,,,,,
MOTTHAVN 345 DUNWODIE 345 1,2941,-8.5,-25007.0,missing_branch,,,MOTTHAVN,DUNWODIE,345.0,,,,,10106.0,451.0
GOETHALS 345 GOWANUS  345 1,2914,23.72,69125.0,matched,OSM_J_345_0004,999999.0,GOETHALS,GOWANUS,345.0,,,,,,
GLENWOOD 138 SHORE_RD 138 1,2905,-8.2,-23833.0,unmatched_name,,,GLENWOOD,SHORE_RD,,138.0,138.0,0.0,0.0,,
LAKSUCSS 138 SHORE_RD 138 1,2613,-26.07,-68114.0,unmatched_name,,,LAKSUCSS,SHORE_RD,,138.0,138.0,0.0,0.0,,
MOTTHAVN 345 RAINEY   345 1,2468,4.49,11086.0,missing_branch,,,MOTTHAVN,RAINEY,345.0,,,,,10106.0,10107.0
NIAGARA  115 PACKARD  115 1,2317,5.9,13663.0,unmatched_name,,,NIAGARA,PACKARD,,115.0,115.0,0.0,0.0,,
ASTORIAW 138 HELLGATE 138 1,1941,3.51,6822.0,unmatched_name,,,ASTORIAW,HELLGATE,,138.0,138.0,0.0,1.0,,
HAUPPAUG 138 PILGRIM  138 1,1926,-35.83,-69002.0,unmatched_name,,,HAUPPAUG,PILGRIM,,138.0,138.0,0.0,0.0,,
NIAGARA  115 PACKARD  115 2,1875,10.09,18927.0,unmatched_name,,,NIAGARA,PACKARD,,115.0,115.0,0.0,0.0,,
BRENTWOD  69 PILGRIM   69 3,1837,-40.86,-75063.0,unmatched_name,,,BRENTWOD,PILGRIM,,69.0,69.0,0.0,0.0,,
GORDONRD 230 ROTTRDAM 230 1,1826,117.92,215327.0,unmatched_name,,,GORDONRD,ROTTRDAM,,230.0,230.0,0.0,0.0,,
FOXHILLS 138 GREENWD  138 1,1810,17.13,30999.0,unmatched_name,,,FOXHILLS,GREENWD,,138.0,138.0,0.0,1.0,,
ELWOOD   138 NRTHPORT 138 1,1662,-25.29,-42031.0,unmatched_name,,,ELWOOD,NRTHPORT,,138.0,138.0,1.0,0.0,,
DEPOSIT   69 INDIANHD  69 1,1620,26.72,43284.0,unmatched_name,,,DEPOSIT,INDIANHD,,69.0,69.0,0.0,1.0,,
C._ISLIP 138 HAUPPAUG 138 1,1536,-30.17,-46342.0,unmatched_name,,,C._ISLIP,HAUPPAUG,,138.0,138.0,0.0,0.0,,
EGRDNCTY 345 EGRDNCTY 138 1,1520,5.49,8338.0,unmatched_name,,,EGRDNCTY,EGRDNCTY,,345.0,138.0,1.0,0.0,,
NYCA ACTIVE DNI,1479,0.18,266.0,unparsable,,,,,,,,,,,
PACKARD  230 PACKARD  115 1,1453,52.04,75610.0,unmatched_name,,,PACKARD,PACKARD,,230.0,115.0,1.0,0.0,,
GOETHALS 345 GOWANUS  345 2,1345,16.0,21521.0,matched,OSM_J_345_0004,999999.0,GOETHALS,GOWANUS,345.0,,,,,,
ADIRNDCK 230 PORTER   230 1,1320,22.77,30057.0,unmatched_name,,,ADIRNDCK,PORTER,,230.0,230.0,0.0,1.0,,
NRTHPORT 138 PILGRIM  138 3,1311,33.95,44509.0,unmatched_name,,,NRTHPORT,PILGRIM,,138.0,138.0,0.0,0.0,,
MALONE   115 WILLIS   115 1,1283,-40.88,-52453.0,unmatched_name,,,MALONE,WILLIS,,115.0,115.0,1.0,0.0,,
MOTTHAVN 345 RAINEY   345 2,1252,2.06,2584.0,missing_branch,,,MOTTHAVN,RAINEY,345.0,,,,,10106.0,10107.0
NRTHPORT 138 PILGRIM  138 2,1249,27.88,34817.0,unmatched_name,,,NRTHPORT,PILGRIM,,138.0,138.0,0.0,0.0,,
NEWBRDGE 138 RULAND   138 3,1243,0.95,1176.0,unmatched_name,,,NEWBRDGE,RULAND,,138.0,138.0,0.0,0.0,,
CHESTROR 138 SHOEMAKR 138 1,1185,-117.11,-138773.0,unmatched_name,,,CHESTROR,SHOEMAKR,,138.0,138.0,0.0,0.0,,
EGRDNCTY 138 VALLYSTR 138 2,1133,13.96,15812.0,unmatched_name,,,EGRDNCTY,VALLYSTR,,138.0,138.0,0.0,1.0,,
BROWNFLS 115 TAYLORVL 115 2,1058,35.36,37407.0,unmatched_name,,,BROWNFLS,TAYLORVL,,115.0,115.0,0.0,0.0,,
E179THST 138 SHERMCRK 138 1,1056,-5.62,-5932.0,unmatched_name,,,E179THST,SHERMCRK,,138.0,138.0,1.0,0.0,,
CONED - LIPA,1001,32.83,32861.0,unparsable,,,,,,,,,,,
GARDNVLB 115 LNGRD209 115 1,972,-80.48,-78229.0,unmatched_name,,,GARDNVLB,LNGRD209,,115.0,115.0,0.0,0.0,,
HUDS_AVE 138 JAMAICA  138 1,961,0.51,493.0,unmatched_name,,,HUDS_AVE,JAMAICA,,138.0,138.0,0.0,1.0,,
PORTER   230 ROTTRDAM 230 1,961,158.25,152080.0,unmatched_name,,,PORTER,ROTTRDAM,,230.0,230.0,1.0,0.0,,
MEYER    115 MEYER      1 1,924,-89.83,-82998.0,unmatched_name,,,MEYER,MEYER,,115.0,1.0,0.0,0.0,,
LOCUSTGR 138 NEWBRDGE 138 1,921,-2.15,-1981.0,unmatched_name,,,LOCUSTGR,NEWBRDGE,,138.0,138.0,0.0,0.0,,
GREENWD  138 KENTAVE  138 1,915,-34.29,-31378.0,unmatched_name,,,GREENWD,KENTAVE,,138.0,138.0,1.0,0.0,,
CODINGTN 115 MONTRFL  115 1,858,-42.64,-36583.0,unmatched_name,,,CODINGTN,MONTRFL,,115.0,115.0,0.0,0.0,,
MOTTHAVN 345 DUNWODIE 345 2,799,-4.55,-3633.0,missing_branch,,,MOTTHAVN,DUNWODIE,345.0,,,,,10106.0,451.0
FOXHILLS 138 GREENWD  138 2,796,16.73,13320.0,unmatched_name,,,FOXHILLS,GREENWD,,138.0,138.0,0.0,1.0,,
COLTON   115 FLATROCK 115 1,792,72.67,57555.0,unmatched_name,,,COLTON,FLATROCK,,115.0,115.0,0.0,0.0,,
PILGRIM  138 PILGRIM  138 1,715,-47.07,-33657.0,unmatched_name,,,PILGRIM,PILGRIM,,138.0,138.0,0.0,0.0,,
GRISLD64 115 NIAGB130 115 1,695,144.8,100634.0,unmatched_name,,,GRISLD64,NIAGB130,,115.0,115.0,0.0,0.0,,
TREMONT  138 TREMONT  138 1,685,-2.06,-1408.0,unmatched_name,,,TREMONT,TREMONT,,138.0,138.0,0.0,0.0,,
GOETHALS 345 LINDN_CG 345 1,570,-20.3,-11569.0,unmatched_name,,,GOETHALS,LINDN_CG,,345.0,345.0,2.0,0.0,,
MEYER    230 MEYER      1 1,569,71.79,40846.0,unmatched_name,,,MEYER,MEYER,,230.0,1.0,1.0,0.0,,
NIAGARA  230 PACKARD  230 2,563,14.57,8201.0,unmatched_name,,,NIAGARA,PACKARD,,230.0,230.0,0.0,1.0,,
GREENBSH 115 REGENRON 115 1,553,119.4,66026.0,unmatched_name,,,GREENBSH,REGENRON,,115.0,115.0,0.0,0.0,,
FARRAGUT 345 GOWANUS  345 1,525,-18.54,-9734.0,matched,OSM_J_345_0003,999999.0,FARRAGUT,GOWANUS,345.0,,,,,,
FARRAGUT 138 HUDS_AVE 138 1,524,-2.12,-1110.0,unmatched_name,,,FARRAGUT,HUDS_AVE,,138.0,138.0,0.0,0.0,,
STEWRTAV 138 VALLYSTR 138 1,522,42.78,22331.0,unmatched_name,,,STEWRTAV,VALLYSTR,,138.0,138.0,0.0,1.0,,
LEEDS    345 N.SCTLND 345 1,521,-12.95,-6749.0,unmatched_name,,,LEEDS,N.SCTLND,,345.0,345.0,1.0,0.0,,
W49TH_ST 345 SPRNBRK  345 1,495,-3.59,-1776.0,unmatched_name,,,W49TH_ST,SPRNBRK,,345.0,345.0,0.0,1.0,,
NRTHPORT 138 PILGRIM  138 1,489,7.0,3425.0,unmatched_name,,,NRTHPORT,PILGRIM,,138.0,138.0,0.0,0.0,,
NIAGARA  230 ROBNSNRD 230 1,487,10.91,5315.0,unmatched_name,,,NIAGARA,ROBNSNRD,,230.0,230.0,0.0,0.0,,
FARRAGUT 345 GOWANUS  345 2,469,-12.0,-5628.0,matched,OSM_J_345_0003,999999.0,FARRAGUT,GOWANUS,345.0,,,,,,
BROWNFLS 115 TAYLORVL 115 1,456,59.02,26912.0,unmatched_name,,,BROWNFLS,TAYLORVL,,115.0,115.0,0.0,0.0,,
OWENSCRN 115 SABIC    115 1,451,-46.39,-20923.0,unmatched_name,,,OWENSCRN,SABIC,,115.0,115.0,0.0,0.0,,
LOCKPORT 115 SHAWNERD 115 1,444,-8.15,-3620.0,unmatched_name,,,LOCKPORT,SHAWNERD,,115.0,115.0,1.0,0.0,,
E179THST 138 SHERMCRK 138 2,436,-3.17,-1382.0,unmatched_name,,,E179THST,SHERMCRK,,138.0,138.0,1.0,0.0,,
HQTL ACTIVE DNI,435,-0.24,-104.0,unparsable,,,,,,,,,,,
PACKARD  230 SAWYER   230 1,429,48.94,20996.0,matched,L316_320,999999.0,PACKARD,SAWYER,230.0,,,,,,
GRASRIVR 115 MOSES    115 1,427,-49.3,-21049.0,unmatched_name,,,GRASRIVR,MOSES,,115.0,115.0,0.0,0.0,,
PLSNTVLY 345 LEEDS    345 1,414,-29.48,-12204.0,missing_branch,,,PLSNTVLY,LEEDS,345.0,,,,,426.0,359.0
KENTAVE  138 VERNON   138 1,411,-41.49,-17053.0,unmatched_name,,,KENTAVE,VERNON,,138.0,138.0,0.0,1.0,,
STEWRTAV 138 VALLYSTR 138 2,403,70.08,28241.0,unmatched_name,,,STEWRTAV,VALLYSTR,,138.0,138.0,0.0,1.0,,
BARRETT  138 VALLYSTR 138 2,399,44.76,17858.0,unmatched_name,,,BARRETT,VALLYSTR,,138.0,138.0,0.0,1.0,,
NRTHPORT 138 NRTHPORT 138 1,370,-38.47,-14235.0,unmatched_name,,,NRTHPORT,NRTHPORT,,138.0,138.0,0.0,0.0,,
CARLPLCE 138 STEWRTAV 138 1,361,-1.48,-535.0,unmatched_name,,,CARLPLCE,STEWRTAV,,138.0,138.0,0.0,0.0,,
SCH - HQ_CEDARS,353,-6.55,-2313.0,interface_constraint,,,,,,,,,,,
SPRNBRK  345 UNIONHBS 345 1,347,7.03,2438.0,unmatched_name,,,SPRNBRK,UNIONHBS,,345.0,345.0,1.0,0.0,,
NEWBRDGE 138 STEWRTAV 138 3,327,21.24,6946.0,unmatched_name,,,NEWBRDGE,STEWRTAV,,138.0,138.0,0.0,0.0,,
BUFAL129 115 HUNTLEY  115 1,319,-36.68,-11701.0,unmatched_name,,,BUFAL129,HUNTLEY,,115.0,115.0,0.0,0.0,,
HARSNRAD 115 HINMAN   115 1,318,29.74,9458.0,unmatched_name,,,HARSNRAD,HINMAN,,115.0,115.0,0.0,0.0,,
BUCHAN_N 345 BUCHAN_N 138 1,312,85.85,26786.0,unmatched_name,,,BUCHAN_N,BUCHAN_N,,345.0,138.0,0.0,0.0,,
N.TROY   115 SYCAWAY  115 1,291,-62.1,-18070.0,unmatched_name,,,N.TROY,SYCAWAY,,115.0,115.0,0.0,0.0,,
MARCY    765 MARCY    345 1,290,6.61,1918.0,unmatched_name,,,MARCY,MARCY,,765.0,345.0,1.0,0.0,,
ELWOOD   138 GREENLWN 138 1,289,23.98,6929.0,unmatched_name,,,ELWOOD,GREENLWN,,138.0,138.0,1.0,0.0,,
E13THSTA 345 FARRAGUT 345 1,289,4.84,1398.0,unmatched_name,,,E13THSTA,FARRAGUT,,345.0,345.0,0.0,1.0,,
CHASLAKE 230 PORTER   230 1,283,21.04,5955.0,unmatched_name,,,CHASLAKE,PORTER,,230.0,230.0,0.0,1.0,,
FARMGTN  115 BORDRCTY 115 1,277,16.81,4656.0,unmatched_name,,,FARMGTN,BORDRCTY,,115.0,115.0,0.0,0.0,,
OAKWOOD  138 SYOSSET  138 1,277,13.11,3630.0,matched,OSM_K_138_0026,999999.0,OAKWOOD,SYOSSET,138.0,,,,,,
BROWNFLS 115 HIGLEY   115 1,275,-26.51,-7291.0,unmatched_name,,,BROWNFLS,HIGLEY,,115.0,115.0,0.0,1.0,,
BUFAL129 115 MAPLE140 115 1,272,45.47,12367.0,unmatched_name,,,BUFAL129,MAPLE140,,115.0,115.0,0.0,0.0,,
ASTORIAE 138 HELLGATE 138 1,259,-1.18,-306.0,unmatched_name,,,ASTORIAE,HELLGATE,,138.0,138.0,0.0,1.0,,
NIAGARA  345 NIAGARA  230 2,251,-1.12,-281.0,unmatched_name,,,NIAGARA,NIAGARA,,345.0,230.0,0.0,0.0,,
PACKARD  115 PACKARD  115 1,237,6.0,1421.0,unmatched_name,,,PACKARD,PACKARD,,115.0,115.0,0.0,0.0,,
MILTR210 115 SUMMIT97 115 1,235,0.53,125.0,unmatched_name,,,MILTR210,SUMMIT97,,115.0,115.0,0.0,0.0,,
CALSPAN  115 FRNKYONG 115 1,232,-175.83,-40793.0,unmatched_name,,,CALSPAN,FRNKYONG,,115.0,115.0,1.0,0.0,,
SPRNBRK  345 STRANSSB 345 1,226,6.76,1528.0,unmatched_name,,,SPRNBRK,STRANSSB,,345.0,345.0,1.0,0.0,,
HUNTLEY  115 TWOMLCRK 115 1,226,95.81,21654.0,unmatched_name,,,HUNTLEY,TWOMLCRK,,115.0,115.0,0.0,0.0,,
BUCHAN_S 345 MILLWOOD 345 1,221,23.63,5223.0,unmatched_name,,,BUCHAN_S,MILLWOOD,,345.0,345.0,0.0,1.0,,
PJAC ACTIVE DNI,217,0.14,31.0,unparsable,,,,,,,,,,,
FRESHKLS 345 FRESHKLS 138 1,215,42.04,9038.0,unmatched_name,,,FRESHKLS,FRESHKLS,,345.0,138.0,1.0,0.0,,
CARLPLCE 138 EGRDNCTY 138 1,201,-84.89,-17062.0,unmatched_name,,,CARLPLCE,EGRDNCTY,,138.0,138.0,0.0,0.0,,
