count,median,mean,p25,p75,ws_bin,archetype,isotonic,used_in_fit
394,0.0000,0.0000,0.0000,0.0000,0.1250,A1,0.0000,True
1217,0.0000,0.0000,0.0000,0.0000,0.3750,A1,0.0000,True
2061,0.0000,0.0000,0.0000,0.0000,0.6250,A1,0.0000,True
2922,0.0000,0.0000,0.0000,0.0000,0.8750,A1,0.0000,True
3717,0.0000,0.0000,0.0000,0.0000,1.1250,A1,0.0000,True
4567,0.0000,0.0000,0.0000,0.0000,1.3750,A1,0.0000,True
5249,0.0000,0.0000,0.0000,0.0000,1.6250,A1,0.0000,True
6156,0.0000,0.0000,0.0000,0.0000,1.8750,A1,0.0000,True
6706,0.0000,0.0000,0.0000,0.0000,2.1250,A1,0.0000,True
7276,0.0000,0.0001,0.0000,0.0000,2.3750,A1,0.0000,True
7927,0.0000,0.0003,0.0000,0.0000,2.6250,A1,0.0000,True
8402,0.0043,0.0042,0.0026,0.0058,2.8750,A1,0.0000,True
8877,0.0091,0.0084,0.0075,0.0106,3.1250,A1,0.0091,True
9278,0.0144,0.0143,0.0127,0.0164,3.3750,A1,0.0144,True
9357,0.0211,0.0209,0.0189,0.0235,3.6250,A1,0.0211,True
9582,0.0289,0.0285,0.0264,0.0316,3.8750,A1,0.0289,True
9742,0.0382,0.0375,0.0351,0.0412,4.1250,A1,0.0382,True
10213,0.0481,0.0472,0.0446,0.0515,4.3750,A1,0.0481,True
10222,0.0593,0.0581,0.0555,0.0630,4.6250,A1,0.0593,True
10477,0.0713,0.0702,0.0671,0.0757,4.8750,A1,0.0713,True
10326,0.0851,0.0836,0.0804,0.0898,5.1250,A1,0.0851,True
10527,0.1001,0.0982,0.0950,0.1054,5.3750,A1,0.1001,True
10605,0.1167,0.1146,0.1110,0.1226,5.6250,A1,0.1167,True
10753,0.1349,0.1325,0.1287,0.1415,5.8750,A1,0.1349,True
10420,0.1551,0.1524,0.1482,0.1624,6.1250,A1,0.1551,True
10507,0.1766,0.1731,0.1687,0.1842,6.3750,A1,0.1766,True
10491,0.1999,0.1961,0.1914,0.2084,6.6250,A1,0.1999,True
10271,0.2248,0.2205,0.2154,0.2340,6.8750,A1,0.2248,True
9911,0.2519,0.2472,0.2416,0.2619,7.1250,A1,0.2519,True
9688,0.2811,0.2756,0.2701,0.2916,7.3750,A1,0.2811,True
9401,0.3118,0.3059,0.2994,0.3236,7.6250,A1,0.3118,True
9015,0.3444,0.3371,0.3310,0.3570,7.8750,A1,0.3444,True
8621,0.3805,0.3723,0.3652,0.3939,8.1250,A1,0.3805,True
8403,0.4189,0.4102,0.4031,0.4333,8.3750,A1,0.4189,True
7876,0.4582,0.4476,0.4406,0.4736,8.6250,A1,0.4582,True
7590,0.5011,0.4889,0.4817,0.5173,8.8750,A1,0.5011,True
7254,0.5456,0.5324,0.5235,0.5626,9.1250,A1,0.5456,True
6982,0.5937,0.5793,0.5700,0.6115,9.3750,A1,0.5937,True
6712,0.6434,0.6278,0.6189,0.6627,9.6250,A1,0.6434,True
6306,0.6947,0.6776,0.6685,0.7162,9.8750,A1,0.6947,True
5879,0.7512,0.7335,0.7230,0.7733,10.1250,A1,0.7512,True
5648,0.8073,0.7842,0.7742,0.8302,10.3750,A1,0.8073,True
5161,0.8683,0.8421,0.8342,0.8922,10.6250,A1,0.8683,True
4821,0.9240,0.8907,0.8911,0.9402,10.8750,A1,0.9240,True
4486,0.9472,0.9133,0.9371,0.9498,11.1250,A1,0.9472,True
4121,0.9541,0.9281,0.9456,0.9567,11.3750,A1,0.9541,True
3929,0.9611,0.9400,0.9455,0.9638,11.6250,A1,0.9611,True
3622,0.9679,0.9499,0.9516,0.9708,11.8750,A1,0.9679,True
3480,0.9751,0.9595,0.9627,0.9778,12.1250,A1,0.9751,True
3082,0.9820,0.9678,0.9711,0.9848,12.3750,A1,0.9820,True
2918,0.9892,0.9775,0.9790,0.9919,12.6250,A1,0.9892,True
2649,0.9962,0.9862,0.9867,0.9981,12.8750,A1,0.9962,True
2444,1.0000,0.9911,0.9915,1.0000,13.1250,A1,1.0000,True
2241,1.0000,0.9919,0.9975,1.0000,13.3750,A1,1.0000,True
2051,1.0000,0.9932,0.9981,1.0000,13.6250,A1,1.0000,True
1766,1.0000,0.9939,0.9981,1.0000,13.8750,A1,1.0000,True
1676,1.0000,0.9945,0.9981,1.0000,14.1250,A1,1.0000,True
1469,1.0000,0.9948,0.9981,1.0000,14.3750,A1,1.0000,True
1322,1.0000,0.9952,0.9981,1.0000,14.6250,A1,1.0000,True
1139,1.0000,0.9953,0.9981,1.0000,14.8750,A1,1.0000,True
1100,1.0000,0.9961,0.9981,1.0000,15.1250,A1,1.0000,True
932,1.0000,0.9962,0.9981,1.0000,15.3750,A1,1.0000,True
847,1.0000,0.9963,0.9981,1.0000,15.6250,A1,1.0000,True
760,1.0000,0.9966,0.9981,1.0000,15.8750,A1,1.0000,True
684,1.0000,0.9956,0.9981,1.0000,16.1250,A1,1.0000,True
570,1.0000,0.9956,0.9981,1.0000,16.3750,A1,1.0000,True
486,1.0000,0.9965,0.9981,1.0000,16.6250,A1,1.0000,True
439,1.0000,0.9964,0.9981,1.0000,16.8750,A1,1.0000,True
405,1.0000,0.9968,0.9981,1.0000,17.1250,A1,1.0000,True
354,1.0000,0.9972,0.9981,1.0000,17.3750,A1,1.0000,True
303,1.0000,0.9963,0.9981,1.0000,17.6250,A1,1.0000,True
281,1.0000,0.9968,0.9981,1.0000,17.8750,A1,1.0000,True
250,1.0000,0.9969,0.9981,1.0000,18.1250,A1,1.0000,True
216,1.0000,0.9987,1.0000,1.0000,18.3750,A1,1.0000,True
179,1.0000,0.9975,1.0000,1.0000,18.6250,A1,1.0000,True
159,1.0000,0.9987,1.0000,1.0000,18.8750,A1,1.0000,True
164,1.0000,0.9964,0.9981,1.0000,19.1250,A1,1.0000,True
112,1.0000,0.9967,0.9981,1.0000,19.3750,A1,1.0000,True
110,1.0000,0.9976,1.0000,1.0000,19.6250,A1,1.0000,True
95,1.0000,0.9968,0.9981,1.0000,19.8750,A1,1.0000,True
90,1.0000,0.9976,1.0000,1.0000,20.1250,A1,1.0000,True
67,1.0000,0.9942,0.9981,1.0000,20.3750,A1,1.0000,True
67,1.0000,0.9972,1.0000,1.0000,20.6250,A1,1.0000,True
50,1.0000,0.9975,0.9981,1.0000,20.8750,A1,1.0000,True
47,1.0000,0.9982,0.9981,1.0000,21.1250,A1,1.0000,True
34,1.0000,0.9945,0.9981,1.0000,21.3750,A1,1.0000,True
32,1.0000,0.9961,0.9981,1.0000,21.6250,A1,1.0000,True
32,1.0000,0.9951,0.9995,1.0000,21.8750,A1,1.0000,True
25,1.0000,0.9956,0.9981,1.0000,22.1250,A1,1.0000,False
12,1.0000,0.9997,1.0000,1.0000,22.3750,A1,1.0000,False
21,1.0000,0.9953,1.0000,1.0000,22.6250,A1,1.0000,False
17,1.0000,0.9970,1.0000,1.0000,22.8750,A1,1.0000,False
12,1.0000,0.9958,0.9995,1.0000,23.1250,A1,1.0000,False
14,1.0000,0.9995,0.9986,1.0000,23.3750,A1,1.0000,False
8,0.9991,0.9877,0.9867,1.0000,23.6250,A1,1.0000,False
4,1.0000,1.0000,1.0000,1.0000,23.8750,A1,1.0000,False
9,1.0000,0.9895,1.0000,1.0000,24.1250,A1,1.0000,False
6,1.0000,0.9995,0.9986,1.0000,24.3750,A1,1.0000,False
5,0.0000,0.4000,0.0000,1.0000,24.6250,A1,1.0000,False
17,0.0000,0.1174,0.0000,0.0000,24.8750,A1,1.0000,False
191,0.0000,0.0000,0.0000,0.0000,0.1250,A2,0.0000,True
590,0.0000,0.0000,0.0000,0.0000,0.3750,A2,0.0000,True
939,0.0000,0.0000,0.0000,0.0000,0.6250,A2,0.0000,True
1354,0.0000,0.0000,0.0000,0.0000,0.8750,A2,0.0000,True
1816,0.0000,0.0000,0.0000,0.0000,1.1250,A2,0.0000,True
2167,0.0000,0.0000,0.0000,0.0000,1.3750,A2,0.0000,True
2472,0.0000,0.0000,0.0000,0.0000,1.6250,A2,0.0000,True
2821,0.0000,0.0000,0.0000,0.0000,1.8750,A2,0.0000,True
3193,0.0000,0.0000,0.0000,0.0000,2.1250,A2,0.0000,True
3521,0.0000,0.0004,0.0000,0.0000,2.3750,A2,0.0000,True
3757,0.0000,0.0012,0.0000,0.0000,2.6250,A2,0.0000,True
3899,0.0115,0.0093,0.0029,0.0143,2.8750,A2,0.0000,True
4109,0.0187,0.0151,0.0071,0.0218,3.1250,A2,0.0187,True
4264,0.0266,0.0235,0.0128,0.0308,3.3750,A2,0.0266,True
4477,0.0366,0.0326,0.0187,0.0415,3.6250,A2,0.0366,True
4610,0.0481,0.0428,0.0256,0.0539,3.8750,A2,0.0481,True
4817,0.0611,0.0543,0.0336,0.0676,4.1250,A2,0.0611,True
4785,0.0756,0.0676,0.0431,0.0831,4.3750,A2,0.0756,True
4889,0.0921,0.0828,0.0537,0.1004,4.6250,A2,0.0921,True
4974,0.1104,0.0996,0.0650,0.1203,4.8750,A2,0.1104,True
4931,0.1307,0.1183,0.0773,0.1423,5.1250,A2,0.1307,True
4957,0.1529,0.1386,0.0909,0.1662,5.3750,A2,0.1529,True
4821,0.1779,0.1620,0.1068,0.1929,5.6250,A2,0.1779,True
4779,0.2063,0.1878,0.1254,0.2216,5.8750,A2,0.2063,True
4719,0.2351,0.2140,0.1432,0.2521,6.1250,A2,0.2351,True
4587,0.2664,0.2434,0.1642,0.2852,6.3750,A2,0.2664,True
4549,0.3017,0.2763,0.1870,0.3225,6.6250,A2,0.3017,True
4414,0.3384,0.3100,0.2110,0.3605,6.8750,A2,0.3384,True
4306,0.3794,0.3486,0.2374,0.4037,7.1250,A2,0.3794,True
4258,0.4242,0.3894,0.2640,0.4495,7.3750,A2,0.4242,True
4248,0.4703,0.4325,0.4162,0.4976,7.6250,A2,0.4703,True
3985,0.5210,0.4784,0.4565,0.5495,7.8750,A2,0.5210,True
3987,0.5722,0.5221,0.3523,0.6038,8.1250,A2,0.5722,True
3859,0.6284,0.5768,0.5559,0.6622,8.3750,A2,0.6284,True
3709,0.6879,0.6305,0.4265,0.7262,8.6250,A2,0.6879,True
3451,0.7511,0.6916,0.6647,0.7917,8.8750,A2,0.7511,True
3338,0.8239,0.7560,0.7361,0.8664,9.1250,A2,0.8239,True
3210,0.8992,0.8104,0.7957,0.9368,9.3750,A2,0.8992,True
3050,0.9473,0.8544,0.8800,0.9519,9.6250,A2,0.9473,True
2856,0.9543,0.8690,0.9438,0.9591,9.8750,A2,0.9543,True
2719,0.9614,0.8904,0.9520,0.9661,10.1250,A2,0.9614,True
2595,0.9683,0.9049,0.9587,0.9730,10.3750,A2,0.9683,True
2437,0.9750,0.9234,0.9658,0.9800,10.6250,A2,0.9750,True
2273,0.9815,0.9387,0.8547,0.9870,10.8750,A2,0.9815,True
2147,0.9896,0.9592,0.9805,0.9943,11.1250,A2,0.9896,True
2066,0.9967,0.9755,0.9874,1.0000,11.3750,A2,0.9967,True
1871,1.0000,0.9869,0.9951,1.0000,11.6250,A2,1.0000,True
1832,1.0000,0.9891,1.0000,1.0000,11.8750,A2,1.0000,True
1614,1.0000,0.9904,1.0000,1.0000,12.1250,A2,1.0000,True
1560,1.0000,0.9924,1.0000,1.0000,12.3750,A2,1.0000,True
1450,1.0000,0.9943,1.0000,1.0000,12.6250,A2,1.0000,True
1267,1.0000,0.9956,1.0000,1.0000,12.8750,A2,1.0000,True
1226,1.0000,0.9975,1.0000,1.0000,13.1250,A2,1.0000,True
1106,1.0000,0.9990,0.9983,1.0000,13.3750,A2,1.0000,True
993,1.0000,1.0004,1.0000,1.0000,13.6250,A2,1.0000,True
927,1.0000,1.0011,1.0000,1.0000,13.8750,A2,1.0000,True
880,1.0000,1.0011,1.0000,1.0000,14.1250,A2,1.0000,True
765,1.0000,1.0012,1.0000,1.0000,14.3750,A2,1.0000,True
666,1.0000,1.0013,1.0000,1.0053,14.6250,A2,1.0000,True
599,1.0000,1.0012,1.0000,1.0000,14.8750,A2,1.0000,True
523,1.0000,1.0012,1.0000,1.0000,15.1250,A2,1.0000,True
483,1.0000,1.0012,1.0000,1.0000,15.3750,A2,1.0000,True
413,1.0000,1.0011,1.0000,1.0000,15.6250,A2,1.0000,True
406,1.0000,1.0012,1.0000,1.0000,15.8750,A2,1.0000,True
349,1.0000,1.0013,1.0000,1.0000,16.1250,A2,1.0000,True
309,1.0000,1.0014,1.0000,1.0053,16.3750,A2,1.0000,True
288,1.0000,1.0011,1.0000,1.0000,16.6250,A2,1.0000,True
236,1.0000,1.0017,1.0000,1.0053,16.8750,A2,1.0000,True
231,1.0000,1.0015,1.0000,1.0053,17.1250,A2,1.0000,True
182,1.0000,1.0013,1.0000,1.0040,17.3750,A2,1.0000,True
186,1.0000,1.0014,1.0000,1.0053,17.6250,A2,1.0000,True
147,1.0000,1.0013,1.0000,1.0027,17.8750,A2,1.0000,True
132,1.0000,1.0012,1.0000,1.0000,18.1250,A2,1.0000,True
107,1.0000,1.0015,1.0000,1.0053,18.3750,A2,1.0000,True
111,1.0000,1.0012,1.0000,1.0000,18.6250,A2,1.0000,True
91,1.0000,1.0008,1.0000,1.0000,18.8750,A2,1.0000,True
92,1.0000,1.0012,1.0000,1.0000,19.1250,A2,1.0000,True
66,1.0000,1.0018,1.0000,1.0053,19.3750,A2,1.0000,True
57,1.0000,1.0018,1.0000,1.0053,19.6250,A2,1.0000,True
54,1.0000,1.0011,1.0000,1.0000,19.8750,A2,1.0000,True
54,1.0000,1.0013,1.0000,1.0000,20.1250,A2,1.0000,True
56,1.0000,1.0014,1.0000,1.0053,20.3750,A2,1.0000,True
29,1.0000,1.0011,1.0000,1.0000,20.6250,A2,1.0000,False
34,1.0000,1.0017,1.0000,1.0053,20.8750,A2,1.0000,True
21,1.0000,1.0010,1.0000,1.0000,21.1250,A2,1.0000,False
27,1.0000,1.0014,1.0000,1.0027,21.3750,A2,1.0000,False
20,1.0000,1.0013,1.0000,1.0013,21.6250,A2,1.0000,False
26,1.0000,1.0004,1.0000,1.0000,21.8750,A2,1.0000,False
16,1.0000,1.0010,1.0000,1.0000,22.1250,A2,1.0000,False
11,1.0000,1.0005,1.0000,1.0000,22.3750,A2,1.0000,False
10,1.0027,1.0027,1.0000,1.0053,22.6250,A2,1.0000,False
11,1.0000,1.0010,1.0000,1.0000,22.8750,A2,1.0000,False
9,1.0000,1.0024,1.0000,1.0053,23.1250,A2,1.0000,False
8,1.0000,1.0007,1.0000,1.0000,23.3750,A2,1.0000,False
6,1.0000,1.0009,1.0000,1.0000,23.6250,A2,1.0000,False
2,1.0027,1.0027,1.0013,1.0040,23.8750,A2,1.0000,False
5,1.0000,1.0021,1.0000,1.0053,24.1250,A2,1.0000,False
8,1.0000,1.0020,1.0000,1.0053,24.3750,A2,1.0000,False
6,1.0027,1.0027,1.0000,1.0053,24.6250,A2,1.0000,False
22,0.0000,0.0455,0.0000,0.0000,24.8750,A2,1.0000,False
